Year,Month,Day,Day of the Week,Hour,load
2024,3,28,3,23,67
2024,3,28,3,22,68
2024,3,28,3,21,69
2024,3,28,3,20,68
2024,3,28,3,19,69
2024,3,28,3,18,75
2024,3,28,3,17,84
2024,3,28,3,16,100
2024,3,28,3,15,111
2024,3,28,3,14,105
2024,3,28,3,13,105
2024,3,28,3,12,104
2024,3,28,3,11,114
2024,3,28,3,10,111
2024,3,28,3,9,103
2024,3,28,3,8,93
2024,3,28,3,7,83
2024,3,28,3,6,68
2024,3,28,3,5,65
2024,3,28,3,4,65
2024,3,28,3,3,66
2024,3,28,3,2,63
2024,3,28,3,1,62
2024,3,28,3,0,61
2024,3,27,2,23,69
2024,3,27,2,22,70
2024,3,27,2,21,69
2024,3,27,2,20,71
2024,3,27,2,19,71
2024,3,27,2,18,75
2024,3,27,2,17,87
2024,3,27,2,16,102
2024,3,27,2,15,106
2024,3,27,2,14,108
2024,3,27,2,13,110
2024,3,27,2,12,110
2024,3,27,2,11,109
2024,3,27,2,10,107
2024,3,27,2,9,108
2024,3,27,2,8,93
2024,3,27,2,7,85
2024,3,27,2,6,71
2024,3,27,2,5,68
2024,3,27,2,4,67
2024,3,27,2,3,68
2024,3,27,2,2,65
2024,3,27,2,1,67
2024,3,27,2,0,65
2024,3,26,1,23,73
2024,3,26,1,22,72
2024,3,26,1,21,75
2024,3,26,1,20,75
2024,3,26,1,19,75
2024,3,26,1,18,79
2024,3,26,1,17,86
2024,3,26,1,16,98
2024,3,26,1,15,103
2024,3,26,1,14,103
2024,3,26,1,13,104
2024,3,26,1,12,107
2024,3,26,1,11,105
2024,3,26,1,10,105
2024,3,26,1,9,105
2024,3,26,1,8,97
2024,3,26,1,7,86
2024,3,26,1,6,67
2024,3,26,1,5,64
2024,3,26,1,4,63
2024,3,26,1,3,62
2024,3,26,1,2,60
2024,3,26,1,1,61
2024,3,26,1,0,63
2024,3,25,0,23,67
2024,3,25,0,22,69
2024,3,25,0,21,69
2024,3,25,0,20,71
2024,3,25,0,19,70
2024,3,25,0,18,73
2024,3,25,0,17,83
2024,3,25,0,16,104
2024,3,25,0,15,110
2024,3,25,0,14,116
2024,3,25,0,13,115
2024,3,25,0,12,107
2024,3,25,0,11,105
2024,3,25,0,10,109
2024,3,25,0,9,98
2024,3,25,0,8,91
2024,3,25,0,7,84
2024,3,25,0,6,67
2024,3,25,0,5,66
2024,3,25,0,4,64
2024,3,25,0,3,65
2024,3,25,0,2,60
2024,3,25,0,1,61
2024,3,25,0,0,61
2024,3,24,6,23,66
2024,3,24,6,22,66
2024,3,24,6,21,68
2024,3,24,6,20,69
2024,3,24,6,19,66
2024,3,24,6,18,68
2024,3,24,6,17,69
2024,3,24,6,16,70
2024,3,24,6,15,72
2024,3,24,6,14,69
2024,3,24,6,13,68
2024,3,24,6,12,68
2024,3,24,6,11,68
2024,3,24,6,10,68
2024,3,24,6,9,68
2024,3,24,6,8,69
2024,3,24,6,7,70
2024,3,24,6,6,61
2024,3,24,6,5,61
2024,3,24,6,4,61
2024,3,24,6,3,61
2024,3,24,6,2,60
2024,3,24,6,1,60
2024,3,24,6,0,60
2024,3,23,5,23,65
2024,3,23,5,22,66
2024,3,23,5,21,67
2024,3,23,5,20,67
2024,3,23,5,19,66
2024,3,23,5,18,65
2024,3,23,5,17,68
2024,3,23,5,16,68
2024,3,23,5,15,70
2024,3,23,5,14,68
2024,3,23,5,13,67
2024,3,23,5,12,68
2024,3,23,5,11,68
2024,3,23,5,10,68
2024,3,23,5,9,69
2024,3,23,5,8,71
2024,3,23,5,7,73
2024,3,23,5,6,63
2024,3,23,5,5,63
2024,3,23,5,4,62
2024,3,23,5,3,64
2024,3,23,5,2,62
2024,3,23,5,1,61
2024,3,23,5,0,62
2024,3,22,4,23,69
2024,3,22,4,22,69
2024,3,22,4,21,69
2024,3,22,4,20,70
2024,3,22,4,19,71
2024,3,22,4,18,74
2024,3,22,4,17,82
2024,3,22,4,16,101
2024,3,22,4,15,113
2024,3,22,4,14,120
2024,3,22,4,13,119
2024,3,22,4,12,119
2024,3,22,4,11,118
2024,3,22,4,10,114
2024,3,22,4,9,113
2024,3,22,4,8,99
2024,3,22,4,7,89
2024,3,22,4,6,71
2024,3,22,4,5,68
2024,3,22,4,4,67
2024,3,22,4,3,64
2024,3,22,4,2,65
2024,3,22,4,1,63
2024,3,22,4,0,63
2024,3,21,3,23,70
2024,3,21,3,22,70
2024,3,21,3,21,70
2024,3,21,3,20,72
2024,3,21,3,19,71
2024,3,21,3,18,75
2024,3,21,3,17,88
2024,3,21,3,16,109
2024,3,21,3,15,113
2024,3,21,3,14,113
2024,3,21,3,13,113
2024,3,21,3,12,113
2024,3,21,3,11,113
2024,3,21,3,10,112
2024,3,21,3,9,110
2024,3,21,3,8,99
2024,3,21,3,7,90
2024,3,21,3,6,74
2024,3,21,3,5,67
2024,3,21,3,4,68
2024,3,21,3,3,68
2024,3,21,3,2,65
2024,3,21,3,1,64
2024,3,21,3,0,65
2024,3,20,2,23,71
2024,3,20,2,22,72
2024,3,20,2,21,71
2024,3,20,2,20,73
2024,3,20,2,19,72
2024,3,20,2,18,78
2024,3,20,2,17,98
2024,3,20,2,16,109
2024,3,20,2,15,111
2024,3,20,2,14,113
2024,3,20,2,13,112
2024,3,20,2,12,119
2024,3,20,2,11,116
2024,3,20,2,10,124
2024,3,20,2,9,122
2024,3,20,2,8,101
2024,3,20,2,7,88
2024,3,20,2,6,69
2024,3,20,2,5,66
2024,3,20,2,4,67
2024,3,20,2,3,65
2024,3,20,2,2,63
2024,3,20,2,1,63
2024,3,20,2,0,65
2024,3,19,1,23,73
2024,3,19,1,22,74
2024,3,19,1,21,75
2024,3,19,1,20,75
2024,3,19,1,19,76
2024,3,19,1,18,78
2024,3,19,1,17,87
2024,3,19,1,16,107
2024,3,19,1,15,110
2024,3,19,1,14,109
2024,3,19,1,13,113
2024,3,19,1,12,112
2024,3,19,1,11,113
2024,3,19,1,10,116
2024,3,19,1,9,114
2024,3,19,1,8,99
2024,3,19,1,7,89
2024,3,19,1,6,70
2024,3,19,1,5,66
2024,3,19,1,4,64
2024,3,19,1,3,63
2024,3,19,1,2,62
2024,3,19,1,1,62
2024,3,19,1,0,63
2024,3,18,0,23,69
2024,3,18,0,22,70
2024,3,18,0,21,70
2024,3,18,0,20,72
2024,3,18,0,19,74
2024,3,18,0,18,78
2024,3,18,0,17,94
2024,3,18,0,16,114
2024,3,18,0,15,128
2024,3,18,0,14,123
2024,3,18,0,13,115
2024,3,18,0,12,119
2024,3,18,0,11,119
2024,3,18,0,10,124
2024,3,18,0,9,121
2024,3,18,0,8,104
2024,3,18,0,7,94
2024,3,18,0,6,76
2024,3,18,0,5,74
2024,3,18,0,4,72
2024,3,18,0,3,71
2024,3,18,0,2,65
2024,3,18,0,1,65
2024,3,18,0,0,70
2024,3,17,6,23,72
2024,3,17,6,22,72
2024,3,17,6,21,72
2024,3,17,6,20,73
2024,3,17,6,19,69
2024,3,17,6,18,70
2024,3,17,6,17,70
2024,3,17,6,16,71
2024,3,17,6,15,73
2024,3,17,6,14,73
2024,3,17,6,13,74
2024,3,17,6,12,76
2024,3,17,6,11,73
2024,3,17,6,10,71
2024,3,17,6,9,71
2024,3,17,6,8,71
2024,3,17,6,7,72
2024,3,17,6,6,65
2024,3,17,6,5,65
2024,3,17,6,4,65
2024,3,17,6,3,65
2024,3,17,6,2,63
2024,3,17,6,1,65
2024,3,17,6,0,64
2024,3,16,5,23,70
2024,3,16,5,22,72
2024,3,16,5,21,72
2024,3,16,5,20,72
2024,3,16,5,19,69
2024,3,16,5,18,66
2024,3,16,5,17,66
2024,3,16,5,16,69
2024,3,16,5,15,71
2024,3,16,5,14,69
2024,3,16,5,13,68
2024,3,16,5,12,68
2024,3,16,5,11,67
2024,3,16,5,10,68
2024,3,16,5,9,67
2024,3,16,5,8,68
2024,3,16,5,7,69
2024,3,16,5,6,62
2024,3,16,5,5,63
2024,3,16,5,4,62
2024,3,16,5,3,63
2024,3,16,5,2,64
2024,3,16,5,1,63
2024,3,16,5,0,63
2024,3,15,4,23,69
2024,3,15,4,22,70
2024,3,15,4,21,72
2024,3,15,4,20,74
2024,3,15,4,19,75
2024,3,15,4,18,78
2024,3,15,4,17,89
2024,3,15,4,16,107
2024,3,15,4,15,109
2024,3,15,4,14,107
2024,3,15,4,13,109
2024,3,15,4,12,108
2024,3,15,4,11,110
2024,3,15,4,10,112
2024,3,15,4,9,115
2024,3,15,4,8,107
2024,3,15,4,7,91
2024,3,15,4,6,70
2024,3,15,4,5,66
2024,3,15,4,4,64
2024,3,15,4,3,63
2024,3,15,4,2,63
2024,3,15,4,1,62
2024,3,15,4,0,63
2024,3,14,3,23,70
2024,3,14,3,22,71
2024,3,14,3,21,71
2024,3,14,3,20,73
2024,3,14,3,19,72
2024,3,14,3,18,80
2024,3,14,3,17,87
2024,3,14,3,16,102
2024,3,14,3,15,104
2024,3,14,3,14,107
2024,3,14,3,13,105
2024,3,14,3,12,106
2024,3,14,3,11,106
2024,3,14,3,10,103
2024,3,14,3,9,103
2024,3,14,3,8,94
2024,3,14,3,7,84
2024,3,14,3,6,68
2024,3,14,3,5,62
2024,3,14,3,4,60
2024,3,14,3,3,60
2024,3,14,3,2,60
2024,3,14,3,1,61
2024,3,14,3,0,60
2024,3,13,2,23,69
2024,3,13,2,22,72
2024,3,13,2,21,70
2024,3,13,2,20,72
2024,3,13,2,19,73
2024,3,13,2,18,80
2024,3,13,2,17,99
2024,3,13,2,16,112
2024,3,13,2,15,106
2024,3,13,2,14,108
2024,3,13,2,13,105
2024,3,13,2,12,86
2024,3,13,2,11,78
2024,3,13,2,10,102
2024,3,13,2,9,107
2024,3,13,2,8,94
2024,3,13,2,7,83
2024,3,13,2,6,66
2024,3,13,2,5,61
2024,3,13,2,4,60
2024,3,13,2,3,61
2024,3,13,2,2,63
2024,3,13,2,1,62
2024,3,13,2,0,60
2024,3,12,1,23,68
2024,3,12,1,22,69
2024,3,12,1,21,70
2024,3,12,1,20,74
2024,3,12,1,19,73
2024,3,12,1,18,81
2024,3,12,1,17,104
2024,3,12,1,16,122
2024,3,12,1,15,128
2024,3,12,1,14,127
2024,3,12,1,13,121
2024,3,12,1,12,118
2024,3,12,1,11,113
2024,3,12,1,10,121
2024,3,12,1,9,112
2024,3,12,1,8,98
2024,3,12,1,7,85
2024,3,12,1,6,68
2024,3,12,1,5,63
2024,3,12,1,4,62
2024,3,12,1,3,60
2024,3,12,1,2,60
2024,3,12,1,1,61
2024,3,12,1,0,61
2024,3,11,0,23,69
2024,3,11,0,22,70
2024,3,11,0,21,71
2024,3,11,0,20,77
2024,3,11,0,19,73
2024,3,11,0,18,77
2024,3,11,0,17,94
2024,3,11,0,16,113
2024,3,11,0,15,116
2024,3,11,0,14,110
2024,3,11,0,13,115
2024,3,11,0,12,118
2024,3,11,0,11,109
2024,3,11,0,10,109
2024,3,11,0,9,109
2024,3,11,0,8,96
2024,3,11,0,7,87
2024,3,11,0,6,69
2024,3,11,0,5,65
2024,3,11,0,4,64
2024,3,11,0,3,63
2024,3,11,0,2,62
2024,3,11,0,1,61
2024,3,11,0,0,61
2024,3,10,6,23,68
2024,3,10,6,22,69
2024,3,10,6,21,67
2024,3,10,6,20,69
2024,3,10,6,19,66
2024,3,10,6,18,65
2024,3,10,6,17,66
2024,3,10,6,16,66
2024,3,10,6,15,67
2024,3,10,6,14,66
2024,3,10,6,13,66
2024,3,10,6,12,67
2024,3,10,6,11,67
2024,3,10,6,10,67
2024,3,10,6,9,68
2024,3,10,6,8,68
2024,3,10,6,7,71
2024,3,10,6,6,61
2024,3,10,6,5,62
2024,3,10,6,4,63
2024,3,10,6,3,63
2024,3,10,6,1,60
2024,3,10,6,0,60
2024,3,9,5,23,67
2024,3,9,5,22,67
2024,3,9,5,21,70
2024,3,9,5,20,71
2024,3,9,5,19,67
2024,3,9,5,18,65
2024,3,9,5,17,66
2024,3,9,5,16,66
2024,3,9,5,15,67
2024,3,9,5,14,67
2024,3,9,5,13,67
2024,3,9,5,12,67
2024,3,9,5,11,68
2024,3,9,5,10,66
2024,3,9,5,9,67
2024,3,9,5,8,68
2024,3,9,5,7,69
2024,3,9,5,6,62
2024,3,9,5,5,70
2024,3,9,5,4,70
2024,3,9,5,3,66
2024,3,9,5,2,63
2024,3,9,5,1,59
2024,3,9,5,0,61
2024,3,8,4,23,67
2024,3,8,4,22,67
2024,3,8,4,21,68
2024,3,8,4,20,73
2024,3,8,4,19,73
2024,3,8,4,18,71
2024,3,8,4,17,82
2024,3,8,4,16,97
2024,3,8,4,15,102
2024,3,8,4,14,106
2024,3,8,4,13,102
2024,3,8,4,12,102
2024,3,8,4,11,105
2024,3,8,4,10,110
2024,3,8,4,9,118
2024,3,8,4,8,100
2024,3,8,4,7,84
2024,3,8,4,6,70
2024,3,8,4,5,67
2024,3,8,4,4,64
2024,3,8,4,3,62
2024,3,8,4,2,63
2024,3,8,4,1,62
2024,3,8,4,0,63
2024,3,7,3,23,68
2024,3,7,3,22,74
2024,3,7,3,21,68
2024,3,7,3,20,72
2024,3,7,3,19,72
2024,3,7,3,18,74
2024,3,7,3,17,91
2024,3,7,3,16,103
2024,3,7,3,15,104
2024,3,7,3,14,112
2024,3,7,3,13,117
2024,3,7,3,12,114
2024,3,7,3,11,109
2024,3,7,3,10,106
2024,3,7,3,9,108
2024,3,7,3,8,107
2024,3,7,3,7,93
2024,3,7,3,6,69
2024,3,7,3,5,64
2024,3,7,3,4,61
2024,3,7,3,3,61
2024,3,7,3,2,60
2024,3,7,3,1,60
2024,3,7,3,0,61
2024,3,6,2,23,68
2024,3,6,2,22,70
2024,3,6,2,21,68
2024,3,6,2,20,73
2024,3,6,2,19,76
2024,3,6,2,18,76
2024,3,6,2,17,87
2024,3,6,2,16,103
2024,3,6,2,15,106
2024,3,6,2,14,110
2024,3,6,2,13,108
2024,3,6,2,12,108
2024,3,6,2,11,113
2024,3,6,2,10,122
2024,3,6,2,9,118
2024,3,6,2,8,99
2024,3,6,2,7,90
2024,3,6,2,6,71
2024,3,6,2,5,65
2024,3,6,2,4,65
2024,3,6,2,3,61
2024,3,6,2,2,62
2024,3,6,2,1,61
2024,3,6,2,0,62
2024,3,5,1,23,68
2024,3,5,1,22,70
2024,3,5,1,21,69
2024,3,5,1,20,74
2024,3,5,1,19,74
2024,3,5,1,18,76
2024,3,5,1,17,89
2024,3,5,1,16,104
2024,3,5,1,15,108
2024,3,5,1,14,109
2024,3,5,1,13,109
2024,3,5,1,12,107
2024,3,5,1,11,107
2024,3,5,1,10,111
2024,3,5,1,9,108
2024,3,5,1,8,98
2024,3,5,1,7,87
2024,3,5,1,6,70
2024,3,5,1,5,66
2024,3,5,1,4,64
2024,3,5,1,3,62
2024,3,5,1,2,62
2024,3,5,1,1,62
2024,3,5,1,0,62
2024,3,4,0,23,67
2024,3,4,0,22,69
2024,3,4,0,21,69
2024,3,4,0,20,73
2024,3,4,0,19,73
2024,3,4,0,18,74
2024,3,4,0,17,86
2024,3,4,0,16,104
2024,3,4,0,15,107
2024,3,4,0,14,110
2024,3,4,0,13,110
2024,3,4,0,12,110
2024,3,4,0,11,109
2024,3,4,0,10,110
2024,3,4,0,9,108
2024,3,4,0,8,94
2024,3,4,0,7,85
2024,3,4,0,6,70
2024,3,4,0,5,66
2024,3,4,0,4,66
2024,3,4,0,3,61
2024,3,4,0,2,61
2024,3,4,0,1,61
2024,3,4,0,0,62
2024,3,3,6,23,67
2024,3,3,6,22,64
2024,3,3,6,21,66
2024,3,3,6,20,67
2024,3,3,6,19,67
2024,3,3,6,18,66
2024,3,3,6,17,66
2024,3,3,6,16,66
2024,3,3,6,15,67
2024,3,3,6,14,65
2024,3,3,6,13,64
2024,3,3,6,12,64
2024,3,3,6,11,65
2024,3,3,6,10,64
2024,3,3,6,9,64
2024,3,3,6,8,65
2024,3,3,6,7,67
2024,3,3,6,6,62
2024,3,3,6,5,62
2024,3,3,6,4,63
2024,3,3,6,3,61
2024,3,3,6,2,61
2024,3,3,6,1,60
2024,3,3,6,0,61
2024,3,2,5,23,68
2024,3,2,5,22,68
2024,3,2,5,21,69
2024,3,2,5,20,72
2024,3,2,5,19,71
2024,3,2,5,18,66
2024,3,2,5,17,67
2024,3,2,5,16,67
2024,3,2,5,15,66
2024,3,2,5,14,67
2024,3,2,5,13,64
2024,3,2,5,12,66
2024,3,2,5,11,67
2024,3,2,5,10,65
2024,3,2,5,9,64
2024,3,2,5,8,66
2024,3,2,5,7,70
2024,3,2,5,6,63
2024,3,2,5,5,62
2024,3,2,5,4,63
2024,3,2,5,3,66
2024,3,2,5,2,62
2024,3,2,5,1,62
2024,3,2,5,0,61
2024,3,1,4,23,68
2024,3,1,4,22,68
2024,3,1,4,21,76
2024,3,1,4,20,83
2024,3,1,4,19,79
2024,3,1,4,18,71
2024,3,1,4,17,81
2024,3,1,4,16,104
2024,3,1,4,15,111
2024,3,1,4,14,107
2024,3,1,4,13,103
2024,3,1,4,12,108
2024,3,1,4,11,109
2024,3,1,4,10,111
2024,3,1,4,9,110
2024,3,1,4,8,96
2024,3,1,4,7,91
2024,3,1,4,6,72
2024,3,1,4,5,68
2024,3,1,4,4,68
2024,3,1,4,3,67
2024,3,1,4,2,64
2024,3,1,4,1,63
2024,3,1,4,0,64
2024,2,29,3,23,71
2024,2,29,3,22,72
2024,2,29,3,21,72
2024,2,29,3,20,76
2024,2,29,3,19,77
2024,2,29,3,18,78
2024,2,29,3,17,89
2024,2,29,3,16,108
2024,2,29,3,15,116
2024,2,29,3,14,118
2024,2,29,3,13,122
2024,2,29,3,12,117
2024,2,29,3,11,117
2024,2,29,3,10,117
2024,2,29,3,9,118
2024,2,29,3,8,100
2024,2,29,3,7,91
2024,2,29,3,6,75
2024,2,29,3,5,69
2024,2,29,3,4,69
2024,2,29,3,3,69
2024,2,29,3,2,64
2024,2,29,3,1,64
2024,2,29,3,0,64
2024,2,28,2,23,73
2024,2,28,2,22,71
2024,2,28,2,21,72
2024,2,28,2,20,76
2024,2,28,2,19,78
2024,2,28,2,18,79
2024,2,28,2,17,88
2024,2,28,2,16,112
2024,2,28,2,15,121
2024,2,28,2,14,116
2024,2,28,2,13,117
2024,2,28,2,12,123
2024,2,28,2,11,125
2024,2,28,2,10,118
2024,2,28,2,9,115
2024,2,28,2,8,100
2024,2,28,2,7,88
2024,2,28,2,6,70
2024,2,28,2,5,66
2024,2,28,2,4,67
2024,2,28,2,3,67
2024,2,28,2,2,63
2024,2,28,2,1,64
2024,2,28,2,0,64
2024,2,27,1,23,70
2024,2,27,1,22,74
2024,2,27,1,21,74
2024,2,27,1,20,77
2024,2,27,1,19,78
2024,2,27,1,18,82
2024,2,27,1,17,87
2024,2,27,1,16,106
2024,2,27,1,15,109
2024,2,27,1,14,113
2024,2,27,1,13,109
2024,2,27,1,12,109
2024,2,27,1,11,121
2024,2,27,1,10,118
2024,2,27,1,9,114
2024,2,27,1,8,101
2024,2,27,1,7,88
2024,2,27,1,6,70
2024,2,27,1,5,66
2024,2,27,1,4,64
2024,2,27,1,3,62
2024,2,27,1,2,62
2024,2,27,1,1,61
2024,2,27,1,0,62
2024,2,26,0,23,67
2024,2,26,0,22,70
2024,2,26,0,21,70
2024,2,26,0,20,74
2024,2,26,0,19,76
2024,2,26,0,18,78
2024,2,26,0,17,90
2024,2,26,0,16,110
2024,2,26,0,15,109
2024,2,26,0,14,111
2024,2,26,0,13,112
2024,2,26,0,12,118
2024,2,26,0,11,115
2024,2,26,0,10,117
2024,2,26,0,9,117
2024,2,26,0,8,104
2024,2,26,0,7,89
2024,2,26,0,6,73
2024,2,26,0,5,68
2024,2,26,0,4,66
2024,2,26,0,3,68
2024,2,26,0,2,64
2024,2,26,0,1,64
2024,2,26,0,0,63
2024,2,25,6,23,69
2024,2,25,6,22,68
2024,2,25,6,21,72
2024,2,25,6,20,71
2024,2,25,6,19,69
2024,2,25,6,18,67
2024,2,25,6,17,68
2024,2,25,6,16,69
2024,2,25,6,15,67
2024,2,25,6,14,70
2024,2,25,6,13,69
2024,2,25,6,12,67
2024,2,25,6,11,69
2024,2,25,6,10,67
2024,2,25,6,9,68
2024,2,25,6,8,68
2024,2,25,6,7,71
2024,2,25,6,6,63
2024,2,25,6,5,63
2024,2,25,6,4,63
2024,2,25,6,3,62
2024,2,25,6,2,64
2024,2,25,6,1,63
2024,2,25,6,0,64
2024,2,24,5,23,70
2024,2,24,5,22,69
2024,2,24,5,21,70
2024,2,24,5,20,73
2024,2,24,5,19,71
2024,2,24,5,18,68
2024,2,24,5,17,68
2024,2,24,5,16,67
2024,2,24,5,15,69
2024,2,24,5,14,73
2024,2,24,5,13,72
2024,2,24,5,12,73
2024,2,24,5,11,71
2024,2,24,5,10,70
2024,2,24,5,9,71
2024,2,24,5,8,72
2024,2,24,5,7,74
2024,2,24,5,6,63
2024,2,24,5,5,64
2024,2,24,5,4,63
2024,2,24,5,3,63
2024,2,24,5,2,64
2024,2,24,5,1,64
2024,2,24,5,0,63
2024,2,23,4,23,70
2024,2,23,4,22,70
2024,2,23,4,21,73
2024,2,23,4,20,76
2024,2,23,4,19,78
2024,2,23,4,18,81
2024,2,23,4,17,92
2024,2,23,4,16,115
2024,2,23,4,15,118
2024,2,23,4,14,114
2024,2,23,4,13,114
2024,2,23,4,12,115
2024,2,23,4,11,118
2024,2,23,4,10,123
2024,2,23,4,9,112
2024,2,23,4,8,100
2024,2,23,4,7,90
2024,2,23,4,6,70
2024,2,23,4,5,68
2024,2,23,4,4,69
2024,2,23,4,3,72
2024,2,23,4,2,71
2024,2,23,4,1,71
2024,2,23,4,0,63
2024,2,22,3,23,69
2024,2,22,3,22,71
2024,2,22,3,21,72
2024,2,22,3,20,75
2024,2,22,3,19,78
2024,2,22,3,18,80
2024,2,22,3,17,91
2024,2,22,3,16,107
2024,2,22,3,15,109
2024,2,22,3,14,113
2024,2,22,3,13,111
2024,2,22,3,12,112
2024,2,22,3,11,111
2024,2,22,3,10,112
2024,2,22,3,9,113
2024,2,22,3,8,101
2024,2,22,3,7,89
2024,2,22,3,6,73
2024,2,22,3,5,66
2024,2,22,3,4,64
2024,2,22,3,3,63
2024,2,22,3,2,62
2024,2,22,3,1,62
2024,2,22,3,0,64
2024,2,21,2,23,69
2024,2,21,2,22,71
2024,2,21,2,21,71
2024,2,21,2,20,76
2024,2,21,2,19,76
2024,2,21,2,18,77
2024,2,21,2,17,96
2024,2,21,2,16,120
2024,2,21,2,15,118
2024,2,21,2,14,112
2024,2,21,2,13,112
2024,2,21,2,12,119
2024,2,21,2,11,125
2024,2,21,2,10,124
2024,2,21,2,9,116
2024,2,21,2,8,102
2024,2,21,2,7,90
2024,2,21,2,6,74
2024,2,21,2,5,72
2024,2,21,2,4,68
2024,2,21,2,3,64
2024,2,21,2,2,63
2024,2,21,2,1,63
2024,2,21,2,0,64
2024,2,20,1,23,71
2024,2,20,1,22,73
2024,2,20,1,21,74
2024,2,20,1,20,80
2024,2,20,1,19,80
2024,2,20,1,18,84
2024,2,20,1,17,101
2024,2,20,1,16,120
2024,2,20,1,15,124
2024,2,20,1,14,119
2024,2,20,1,13,123
2024,2,20,1,12,117
2024,2,20,1,11,120
2024,2,20,1,10,124
2024,2,20,1,9,123
2024,2,20,1,8,107
2024,2,20,1,7,96
2024,2,20,1,6,76
2024,2,20,1,5,71
2024,2,20,1,4,71
2024,2,20,1,3,71
2024,2,20,1,2,71
2024,2,20,1,1,68
2024,2,20,1,0,67
2024,2,19,0,23,75
2024,2,19,0,22,75
2024,2,19,0,21,77
2024,2,19,0,20,81
2024,2,19,0,19,83
2024,2,19,0,18,83
2024,2,19,0,17,96
2024,2,19,0,16,120
2024,2,19,0,15,121
2024,2,19,0,14,123
2024,2,19,0,13,122
2024,2,19,0,12,124
2024,2,19,0,11,128
2024,2,19,0,10,129
2024,2,19,0,9,124
2024,2,19,0,8,103
2024,2,19,0,7,89
2024,2,19,0,6,73
2024,2,19,0,5,70
2024,2,19,0,4,68
2024,2,19,0,3,70
2024,2,19,0,2,65
2024,2,19,0,1,65
2024,2,19,0,0,67
2024,2,18,6,23,71
2024,2,18,6,22,72
2024,2,18,6,21,72
2024,2,18,6,20,75
2024,2,18,6,19,73
2024,2,18,6,18,73
2024,2,18,6,17,71
2024,2,18,6,16,72
2024,2,18,6,15,72
2024,2,18,6,14,72
2024,2,18,6,13,72
2024,2,18,6,12,73
2024,2,18,6,11,73
2024,2,18,6,10,73
2024,2,18,6,9,72
2024,2,18,6,8,75
2024,2,18,6,7,76
2024,2,18,6,6,66
2024,2,18,6,5,66
2024,2,18,6,4,68
2024,2,18,6,3,66
2024,2,18,6,2,66
2024,2,18,6,1,66
2024,2,18,6,0,67
2024,2,17,5,23,71
2024,2,17,5,22,71
2024,2,17,5,21,74
2024,2,17,5,20,77
2024,2,17,5,19,75
2024,2,17,5,18,74
2024,2,17,5,17,72
2024,2,17,5,16,75
2024,2,17,5,15,74
2024,2,17,5,14,78
2024,2,17,5,13,77
2024,2,17,5,12,78
2024,2,17,5,11,76
2024,2,17,5,10,73
2024,2,17,5,9,72
2024,2,17,5,8,73
2024,2,17,5,7,74
2024,2,17,5,6,68
2024,2,17,5,5,68
2024,2,17,5,4,67
2024,2,17,5,3,67
2024,2,17,5,2,68
2024,2,17,5,1,68
2024,2,17,5,0,68
2024,2,16,4,23,74
2024,2,16,4,22,74
2024,2,16,4,21,79
2024,2,16,4,20,83
2024,2,16,4,19,82
2024,2,16,4,18,81
2024,2,16,4,17,89
2024,2,16,4,16,114
2024,2,16,4,15,119
2024,2,16,4,14,121
2024,2,16,4,13,123
2024,2,16,4,12,122
2024,2,16,4,11,123
2024,2,16,4,10,125
2024,2,16,4,9,125
2024,2,16,4,8,104
2024,2,16,4,7,97
2024,2,16,4,6,78
2024,2,16,4,5,74
2024,2,16,4,4,74
2024,2,16,4,3,72
2024,2,16,4,2,70
2024,2,16,4,1,61
2024,2,16,4,0,71
2024,2,15,3,23,77
2024,2,15,3,22,78
2024,2,15,3,21,77
2024,2,15,3,20,81
2024,2,15,3,19,88
2024,2,15,3,18,92
2024,2,15,3,17,101
2024,2,15,3,16,120
2024,2,15,3,15,122
2024,2,15,3,14,120
2024,2,15,3,13,116
2024,2,15,3,12,121
2024,2,15,3,11,128
2024,2,15,3,10,125
2024,2,15,3,9,119
2024,2,15,3,8,103
2024,2,15,3,7,91
2024,2,15,3,6,73
2024,2,15,3,5,69
2024,2,15,3,4,67
2024,2,15,3,3,63
2024,2,15,3,2,64
2024,2,15,3,1,64
2024,2,15,3,0,64
2024,2,14,2,23,71
2024,2,14,2,22,71
2024,2,14,2,21,73
2024,2,14,2,20,77
2024,2,14,2,19,80
2024,2,14,2,18,80
2024,2,14,2,17,91
2024,2,14,2,16,110
2024,2,14,2,15,111
2024,2,14,2,14,120
2024,2,14,2,13,119
2024,2,14,2,12,119
2024,2,14,2,11,120
2024,2,14,2,10,118
2024,2,14,2,9,118
2024,2,14,2,8,104
2024,2,14,2,7,94
2024,2,14,2,6,78
2024,2,14,2,5,73
2024,2,14,2,4,73
2024,2,14,2,3,73
2024,2,14,2,2,70
2024,2,14,2,1,69
2024,2,14,2,0,70
2024,2,13,1,23,75
2024,2,13,1,22,79
2024,2,13,1,21,77
2024,2,13,1,20,80
2024,2,13,1,19,84
2024,2,13,1,18,87
2024,2,13,1,17,102
2024,2,13,1,16,121
2024,2,13,1,15,119
2024,2,13,1,14,117
2024,2,13,1,13,117
2024,2,13,1,12,117
2024,2,13,1,11,120
2024,2,13,1,10,118
2024,2,13,1,9,118
2024,2,13,1,8,108
2024,2,13,1,7,91
2024,2,13,1,6,77
2024,2,13,1,5,72
2024,2,13,1,4,73
2024,2,13,1,3,71
2024,2,13,1,2,69
2024,2,13,1,1,68
2024,2,13,1,0,70
2024,2,12,0,23,75
2024,2,12,0,22,78
2024,2,12,0,21,80
2024,2,12,0,20,80
2024,2,12,0,19,81
2024,2,12,0,18,85
2024,2,12,0,17,97
2024,2,12,0,16,116
2024,2,12,0,15,122
2024,2,12,0,14,124
2024,2,12,0,13,126
2024,2,12,0,12,126
2024,2,12,0,11,128
2024,2,12,0,10,125
2024,2,12,0,9,120
2024,2,12,0,8,106
2024,2,12,0,7,95
2024,2,12,0,6,72
2024,2,12,0,5,70
2024,2,12,0,4,69
2024,2,12,0,3,70
2024,2,12,0,2,65
2024,2,12,0,1,67
2024,2,12,0,0,65
2024,2,11,6,23,71
2024,2,11,6,22,72
2024,2,11,6,21,78
2024,2,11,6,20,79
2024,2,11,6,19,79
2024,2,11,6,18,78
2024,2,11,6,17,75
2024,2,11,6,16,72
2024,2,11,6,15,70
2024,2,11,6,14,70
2024,2,11,6,13,69
2024,2,11,6,12,63
2024,2,11,6,11,51
2024,2,11,6,10,50
2024,2,11,6,9,50
2024,2,11,6,8,52
2024,2,11,6,7,52
2024,2,11,6,6,42
2024,2,11,6,5,42
2024,2,11,6,4,42
2024,2,11,6,3,42
2024,2,11,6,2,43
2024,2,11,6,1,42
2024,2,11,6,0,42
2024,2,10,5,23,48
2024,2,10,5,22,48
2024,2,10,5,21,50
2024,2,10,5,20,53
2024,2,10,5,19,52
2024,2,10,5,18,52
2024,2,10,5,17,53
2024,2,10,5,16,56
2024,2,10,5,15,54
2024,2,10,5,14,54
2024,2,10,5,13,54
2024,2,10,5,12,53
2024,2,10,5,11,52
2024,2,10,5,10,50
2024,2,10,5,9,51
2024,2,10,5,8,52
2024,2,10,5,7,53
2024,2,10,5,6,42
2024,2,10,5,5,42
2024,2,10,5,4,42
2024,2,10,5,3,45
2024,2,10,5,2,43
2024,2,10,5,1,43
2024,2,10,5,0,42
2024,2,9,4,23,49
2024,2,9,4,22,50
2024,2,9,4,21,52
2024,2,9,4,20,56
2024,2,9,4,19,55
2024,2,9,4,18,55
2024,2,9,4,17,56
2024,2,9,4,16,68
2024,2,9,4,15,112
2024,2,9,4,14,116
2024,2,9,4,13,113
2024,2,9,4,12,114
2024,2,9,4,11,117
2024,2,9,4,10,117
2024,2,9,4,9,107
2024,2,9,4,8,94
2024,2,9,4,7,84
2024,2,9,4,6,70
2024,2,9,4,5,64
2024,2,9,4,4,61
2024,2,9,4,3,61
2024,2,9,4,2,60
2024,2,9,4,1,61
2024,2,9,4,0,62
2024,2,8,3,23,68
2024,2,8,3,22,69
2024,2,8,3,21,70
2024,2,8,3,20,74
2024,2,8,3,19,73
2024,2,8,3,18,76
2024,2,8,3,17,87
2024,2,8,3,16,104
2024,2,8,3,15,111
2024,2,8,3,14,117
2024,2,8,3,13,115
2024,2,8,3,12,113
2024,2,8,3,11,113
2024,2,8,3,10,109
2024,2,8,3,9,107
2024,2,8,3,8,99
2024,2,8,3,7,86
2024,2,8,3,6,67
2024,2,8,3,5,64
2024,2,8,3,4,61
2024,2,8,3,3,62
2024,2,8,3,2,61
2024,2,8,3,1,62
2024,2,8,3,0,62
2024,2,7,2,23,68
2024,2,7,2,22,69
2024,2,7,2,21,70
2024,2,7,2,20,75
2024,2,7,2,19,76
2024,2,7,2,18,76
2024,2,7,2,17,85
2024,2,7,2,16,103
2024,2,7,2,15,108
2024,2,7,2,14,112
2024,2,7,2,13,111
2024,2,7,2,12,109
2024,2,7,2,11,109
2024,2,7,2,10,109
2024,2,7,2,9,108
2024,2,7,2,8,101
2024,2,7,2,7,89
2024,2,7,2,6,72
2024,2,7,2,5,67
2024,2,7,2,4,65
2024,2,7,2,3,63
2024,2,7,2,2,64
2024,2,7,2,1,64
2024,2,7,2,0,64
2024,2,6,1,23,70
2024,2,6,1,22,74
2024,2,6,1,21,75
2024,2,6,1,20,79
2024,2,6,1,19,78
2024,2,6,1,18,79
2024,2,6,1,17,90
2024,2,6,1,16,112
2024,2,6,1,15,115
2024,2,6,1,14,120
2024,2,6,1,13,119
2024,2,6,1,12,118
2024,2,6,1,11,117
2024,2,6,1,10,118
2024,2,6,1,9,117
2024,2,6,1,8,105
2024,2,6,1,7,91
2024,2,6,1,6,74
2024,2,6,1,5,70
2024,2,6,1,4,66
2024,2,6,1,3,66
2024,2,6,1,2,66
2024,2,6,1,1,68
2024,2,6,1,0,66
2024,2,5,0,23,73
2024,2,5,0,22,74
2024,2,5,0,21,76
2024,2,5,0,20,78
2024,2,5,0,19,80
2024,2,5,0,18,85
2024,2,5,0,17,100
2024,2,5,0,16,114
2024,2,5,0,15,117
2024,2,5,0,14,124
2024,2,5,0,13,126
2024,2,5,0,12,122
2024,2,5,0,11,121
2024,2,5,0,10,122
2024,2,5,0,9,122
2024,2,5,0,8,107
2024,2,5,0,7,95
2024,2,5,0,6,77
2024,2,5,0,5,72
2024,2,5,0,4,72
2024,2,5,0,3,71
2024,2,5,0,2,69
2024,2,5,0,1,68
2024,2,5,0,0,69
2024,2,4,6,23,73
2024,2,4,6,22,74
2024,2,4,6,21,74
2024,2,4,6,20,78
2024,2,4,6,19,77
2024,2,4,6,18,73
2024,2,4,6,17,70
2024,2,4,6,16,71
2024,2,4,6,15,73
2024,2,4,6,14,74
2024,2,4,6,13,75
2024,2,4,6,12,76
2024,2,4,6,11,78
2024,2,4,6,10,77
2024,2,4,6,9,75
2024,2,4,6,8,77
2024,2,4,6,7,74
2024,2,4,6,6,64
2024,2,4,6,5,65
2024,2,4,6,4,64
2024,2,4,6,3,65
2024,2,4,6,2,65
2024,2,4,6,1,64
2024,2,4,6,0,65
2024,2,3,5,23,69
2024,2,3,5,22,69
2024,2,3,5,21,72
2024,2,3,5,20,72
2024,2,3,5,19,71
2024,2,3,5,18,70
2024,2,3,5,17,67
2024,2,3,5,16,68
2024,2,3,5,15,71
2024,2,3,5,14,74
2024,2,3,5,13,58
2024,2,3,5,12,50
2024,2,3,5,11,51
2024,2,3,5,10,50
2024,2,3,5,9,51
2024,2,3,5,8,53
2024,2,3,5,7,53
2024,2,3,5,6,44
2024,2,3,5,5,44
2024,2,3,5,4,43
2024,2,3,5,3,52
2024,2,3,5,2,62
2024,2,3,5,1,62
2024,2,3,5,0,62
2024,2,2,4,23,68
2024,2,2,4,22,69
2024,2,2,4,21,69
2024,2,2,4,20,73
2024,2,2,4,19,74
2024,2,2,4,18,78
2024,2,2,4,17,84
2024,2,2,4,16,108
2024,2,2,4,15,116
2024,2,2,4,14,113
2024,2,2,4,13,115
2024,2,2,4,12,111
2024,2,2,4,11,111
2024,2,2,4,10,113
2024,2,2,4,9,108
2024,2,2,4,8,99
2024,2,2,4,7,87
2024,2,2,4,6,69
2024,2,2,4,5,66
2024,2,2,4,4,66
2024,2,2,4,3,64
2024,2,2,4,2,64
2024,2,2,4,1,62
2024,2,2,4,0,63
2024,2,1,3,23,74
2024,2,1,3,22,77
2024,2,1,3,21,76
2024,2,1,3,20,82
2024,2,1,3,19,82
2024,2,1,3,18,91
2024,2,1,3,17,102
2024,2,1,3,16,116
2024,2,1,3,15,115
2024,2,1,3,14,119
2024,2,1,3,13,114
2024,2,1,3,12,113
2024,2,1,3,11,107
2024,2,1,3,10,108
2024,2,1,3,9,107
2024,2,1,3,8,101
2024,2,1,3,7,87
2024,2,1,3,6,68
2024,2,1,3,5,65
2024,2,1,3,4,63
2024,2,1,3,3,63
2024,2,1,3,2,62
2024,2,1,3,1,62
2024,2,1,3,0,63
2024,1,31,2,23,69
2024,1,31,2,22,70
2024,1,31,2,21,71
2024,1,31,2,20,75
2024,1,31,2,19,76
2024,1,31,2,18,79
2024,1,31,2,17,91
2024,1,31,2,16,106
2024,1,31,2,15,112
2024,1,31,2,14,115
2024,1,31,2,13,112
2024,1,31,2,12,115
2024,1,31,2,11,114
2024,1,31,2,10,113
2024,1,31,2,9,109
2024,1,31,2,8,100
2024,1,31,2,7,88
2024,1,31,2,6,70
2024,1,31,2,5,67
2024,1,31,2,4,65
2024,1,31,2,3,62
2024,1,31,2,2,62
2024,1,31,2,1,63
2024,1,31,2,0,64
2024,1,30,1,23,71
2024,1,30,1,22,71
2024,1,30,1,21,74
2024,1,30,1,20,76
2024,1,30,1,19,82
2024,1,30,1,18,88
2024,1,30,1,17,99
2024,1,30,1,16,115
2024,1,30,1,15,116
2024,1,30,1,14,120
2024,1,30,1,13,118
2024,1,30,1,12,118
2024,1,30,1,11,121
2024,1,30,1,10,117
2024,1,30,1,9,114
2024,1,30,1,8,104
2024,1,30,1,7,89
2024,1,30,1,6,71
2024,1,30,1,5,67
2024,1,30,1,4,65
2024,1,30,1,3,64
2024,1,30,1,2,63
2024,1,30,1,1,63
2024,1,30,1,0,63
2024,1,29,0,23,70
2024,1,29,0,22,70
2024,1,29,0,21,70
2024,1,29,0,20,74
2024,1,29,0,19,78
2024,1,29,0,18,83
2024,1,29,0,17,91
2024,1,29,0,16,113
2024,1,29,0,15,114
2024,1,29,0,14,114
2024,1,29,0,13,116
2024,1,29,0,12,114
2024,1,29,0,11,113
2024,1,29,0,10,115
2024,1,29,0,9,113
2024,1,29,0,8,102
2024,1,29,0,7,89
2024,1,29,0,6,72
2024,1,29,0,5,69
2024,1,29,0,4,69
2024,1,29,0,3,67
2024,1,29,0,2,65
2024,1,29,0,1,63
2024,1,29,0,0,65
2024,1,28,6,23,71
2024,1,28,6,22,71
2024,1,28,6,21,72
2024,1,28,6,20,74
2024,1,28,6,19,73
2024,1,28,6,18,73
2024,1,28,6,17,69
2024,1,28,6,16,71
2024,1,28,6,15,70
2024,1,28,6,14,70
2024,1,28,6,13,70
2024,1,28,6,12,70
2024,1,28,6,11,72
2024,1,28,6,10,70
2024,1,28,6,9,70
2024,1,28,6,8,73
2024,1,28,6,7,75
2024,1,28,6,6,64
2024,1,28,6,5,64
2024,1,28,6,4,63
2024,1,28,6,3,63
2024,1,28,6,2,63
2024,1,28,6,1,63
2024,1,28,6,0,65
2024,1,27,5,23,70
2024,1,27,5,22,71
2024,1,27,5,21,71
2024,1,27,5,20,76
2024,1,27,5,19,76
2024,1,27,5,18,75
2024,1,27,5,17,74
2024,1,27,5,16,76
2024,1,27,5,15,70
2024,1,27,5,14,70
2024,1,27,5,13,69
2024,1,27,5,12,69
2024,1,27,5,11,69
2024,1,27,5,10,70
2024,1,27,5,9,68
2024,1,27,5,8,72
2024,1,27,5,7,71
2024,1,27,5,6,63
2024,1,27,5,5,62
2024,1,27,5,4,63
2024,1,27,5,3,62
2024,1,27,5,2,63
2024,1,27,5,1,62
2024,1,27,5,0,63
2024,1,26,4,23,70
2024,1,26,4,22,71
2024,1,26,4,21,71
2024,1,26,4,20,77
2024,1,26,4,19,76
2024,1,26,4,18,81
2024,1,26,4,17,87
2024,1,26,4,16,104
2024,1,26,4,15,109
2024,1,26,4,14,116
2024,1,26,4,13,114
2024,1,26,4,12,115
2024,1,26,4,11,117
2024,1,26,4,10,114
2024,1,26,4,9,112
2024,1,26,4,8,100
2024,1,26,4,7,87
2024,1,26,4,6,71
2024,1,26,4,5,66
2024,1,26,4,4,64
2024,1,26,4,3,62
2024,1,26,4,2,62
2024,1,26,4,1,62
2024,1,26,4,0,63
2024,1,25,3,23,71
2024,1,25,3,22,70
2024,1,25,3,21,71
2024,1,25,3,20,73
2024,1,25,3,19,76
2024,1,25,3,18,79
2024,1,25,3,17,85
2024,1,25,3,16,101
2024,1,25,3,15,106
2024,1,25,3,14,110
2024,1,25,3,13,109
2024,1,25,3,12,112
2024,1,25,3,11,112
2024,1,25,3,10,113
2024,1,25,3,9,112
2024,1,25,3,8,103
2024,1,25,3,7,89
2024,1,25,3,6,73
2024,1,25,3,5,70
2024,1,25,3,4,68
2024,1,25,3,3,65
2024,1,25,3,2,64
2024,1,25,3,1,64
2024,1,25,3,0,63
2024,1,24,2,23,71
2024,1,24,2,22,72
2024,1,24,2,21,72
2024,1,24,2,20,75
2024,1,24,2,19,75
2024,1,24,2,18,83
2024,1,24,2,17,91
2024,1,24,2,16,111
2024,1,24,2,15,110
2024,1,24,2,14,116
2024,1,24,2,13,112
2024,1,24,2,12,113
2024,1,24,2,11,113
2024,1,24,2,10,113
2024,1,24,2,9,111
2024,1,24,2,8,104
2024,1,24,2,7,92
2024,1,24,2,6,73
2024,1,24,2,5,68
2024,1,24,2,4,68
2024,1,24,2,3,66
2024,1,24,2,2,66
2024,1,24,2,1,65
2024,1,24,2,0,66
2024,1,23,1,23,73
2024,1,23,1,22,74
2024,1,23,1,21,74
2024,1,23,1,20,76
2024,1,23,1,19,79
2024,1,23,1,18,82
2024,1,23,1,17,91
2024,1,23,1,16,110
2024,1,23,1,15,117
2024,1,23,1,14,119
2024,1,23,1,13,118
2024,1,23,1,12,118
2024,1,23,1,11,117
2024,1,23,1,10,121
2024,1,23,1,9,119
2024,1,23,1,8,102
2024,1,23,1,7,89
2024,1,23,1,6,73
2024,1,23,1,5,70
2024,1,23,1,4,68
2024,1,23,1,3,67
2024,1,23,1,2,66
2024,1,23,1,1,64
2024,1,23,1,0,65
2024,1,22,0,23,72
2024,1,22,0,22,73
2024,1,22,0,21,72
2024,1,22,0,20,76
2024,1,22,0,19,79
2024,1,22,0,18,84
2024,1,22,0,17,94
2024,1,22,0,16,117
2024,1,22,0,15,116
2024,1,22,0,14,123
2024,1,22,0,13,126
2024,1,22,0,12,127
2024,1,22,0,11,126
2024,1,22,0,10,120
2024,1,22,0,9,118
2024,1,22,0,8,105
2024,1,22,0,7,90
2024,1,22,0,6,73
2024,1,22,0,5,71
2024,1,22,0,4,70
2024,1,22,0,3,73
2024,1,22,0,2,68
2024,1,22,0,1,67
2024,1,22,0,0,67
2024,1,21,6,23,74
2024,1,21,6,22,73
2024,1,21,6,21,74
2024,1,21,6,20,77
2024,1,21,6,19,78
2024,1,21,6,18,80
2024,1,21,6,17,76
2024,1,21,6,16,77
2024,1,21,6,15,78
2024,1,21,6,14,77
2024,1,21,6,13,77
2024,1,21,6,12,77
2024,1,21,6,11,77
2024,1,21,6,10,75
2024,1,21,6,9,75
2024,1,21,6,8,79
2024,1,21,6,7,77
2024,1,21,6,6,68
2024,1,21,6,5,67
2024,1,21,6,4,69
2024,1,21,6,3,67
2024,1,21,6,2,67
2024,1,21,6,1,68
2024,1,21,6,0,67
2024,1,20,5,23,79
2024,1,20,5,22,77
2024,1,20,5,21,78
2024,1,20,5,20,81
2024,1,20,5,19,80
2024,1,20,5,18,79
2024,1,20,5,17,76
2024,1,20,5,16,74
2024,1,20,5,15,73
2024,1,20,5,14,77
2024,1,20,5,13,74
2024,1,20,5,12,73
2024,1,20,5,11,75
2024,1,20,5,10,75
2024,1,20,5,9,74
2024,1,20,5,8,78
2024,1,20,5,7,77
2024,1,20,5,6,67
2024,1,20,5,5,67
2024,1,20,5,4,67
2024,1,20,5,3,66
2024,1,20,5,2,71
2024,1,20,5,1,67
2024,1,20,5,0,68
2024,1,19,4,23,74
2024,1,19,4,22,74
2024,1,19,4,21,74
2024,1,19,4,20,78
2024,1,19,4,19,83
2024,1,19,4,18,88
2024,1,19,4,17,93
2024,1,19,4,16,118
2024,1,19,4,15,120
2024,1,19,4,14,119
2024,1,19,4,13,118
2024,1,19,4,12,122
2024,1,19,4,11,122
2024,1,19,4,10,122
2024,1,19,4,9,119
2024,1,19,4,8,103
2024,1,19,4,7,90
2024,1,19,4,6,72
2024,1,19,4,5,72
2024,1,19,4,4,70
2024,1,19,4,3,69
2024,1,19,4,2,65
2024,1,19,4,1,64
2024,1,19,4,0,65
2024,1,18,3,23,72
2024,1,18,3,22,74
2024,1,18,3,21,74
2024,1,18,3,20,77
2024,1,18,3,19,81
2024,1,18,3,18,86
2024,1,18,3,17,96
2024,1,18,3,16,112
2024,1,18,3,15,118
2024,1,18,3,14,123
2024,1,18,3,13,121
2024,1,18,3,12,125
2024,1,18,3,11,121
2024,1,18,3,10,124
2024,1,18,3,9,116
2024,1,18,3,8,107
2024,1,18,3,7,92
2024,1,18,3,6,75
2024,1,18,3,5,70
2024,1,18,3,4,70
2024,1,18,3,3,70
2024,1,18,3,2,67
2024,1,18,3,1,66
2024,1,18,3,0,67
2024,1,17,2,23,76
2024,1,17,2,22,76
2024,1,17,2,21,76
2024,1,17,2,20,78
2024,1,17,2,19,81
2024,1,17,2,18,84
2024,1,17,2,17,95
2024,1,17,2,16,112
2024,1,17,2,15,122
2024,1,17,2,14,124
2024,1,17,2,13,125
2024,1,17,2,12,124
2024,1,17,2,11,128
2024,1,17,2,10,125
2024,1,17,2,9,121
2024,1,17,2,8,107
2024,1,17,2,7,92
2024,1,17,2,6,76
2024,1,17,2,5,77
2024,1,17,2,4,75
2024,1,17,2,3,72
2024,1,17,2,2,70
2024,1,17,2,1,68
2024,1,17,2,0,70
2024,1,16,1,23,78
2024,1,16,1,22,78
2024,1,16,1,21,77
2024,1,16,1,20,84
2024,1,16,1,19,86
2024,1,16,1,18,91
2024,1,16,1,17,99
2024,1,16,1,16,120
2024,1,16,1,15,126
2024,1,16,1,14,128
2024,1,16,1,13,125
2024,1,16,1,12,124
2024,1,16,1,11,127
2024,1,16,1,10,128
2024,1,16,1,9,126
2024,1,16,1,8,113
2024,1,16,1,7,94
2024,1,16,1,6,79
2024,1,16,1,5,77
2024,1,16,1,4,76
2024,1,16,1,3,77
2024,1,16,1,2,71
2024,1,16,1,1,69
2024,1,16,1,0,70
2024,1,15,0,23,77
2024,1,15,0,22,74
2024,1,15,0,21,74
2024,1,15,0,20,78
2024,1,15,0,19,82
2024,1,15,0,18,87
2024,1,15,0,17,98
2024,1,15,0,16,112
2024,1,15,0,15,117
2024,1,15,0,14,119
2024,1,15,0,13,118
2024,1,15,0,12,118
2024,1,15,0,11,117
2024,1,15,0,10,119
2024,1,15,0,9,115
2024,1,15,0,8,101
2024,1,15,0,7,90
2024,1,15,0,6,74
2024,1,15,0,5,71
2024,1,15,0,4,73
2024,1,15,0,3,73
2024,1,15,0,2,68
2024,1,15,0,1,66
2024,1,15,0,0,68
2024,1,14,6,23,73
2024,1,14,6,22,74
2024,1,14,6,21,74
2024,1,14,6,20,78
2024,1,14,6,19,76
2024,1,14,6,18,79
2024,1,14,6,17,75
2024,1,14,6,16,76
2024,1,14,6,15,74
2024,1,14,6,14,76
2024,1,14,6,13,75
2024,1,14,6,12,75
2024,1,14,6,11,75
2024,1,14,6,10,73
2024,1,14,6,9,74
2024,1,14,6,8,77
2024,1,14,6,7,76
2024,1,14,6,6,65
2024,1,14,6,5,65
2024,1,14,6,4,64
2024,1,14,6,3,64
2024,1,14,6,2,65
2024,1,14,6,1,64
2024,1,14,6,0,66
2024,1,13,5,23,71
2024,1,13,5,22,71
2024,1,13,5,21,73
2024,1,13,5,20,76
2024,1,13,5,19,76
2024,1,13,5,18,77
2024,1,13,5,17,74
2024,1,13,5,16,73
2024,1,13,5,15,72
2024,1,13,5,14,75
2024,1,13,5,13,72
2024,1,13,5,12,71
2024,1,13,5,11,70
2024,1,13,5,10,70
2024,1,13,5,9,71
2024,1,13,5,8,74
2024,1,13,5,7,74
2024,1,13,5,6,63
2024,1,13,5,5,62
2024,1,13,5,4,62
2024,1,13,5,3,63
2024,1,13,5,2,63
2024,1,13,5,1,64
2024,1,13,5,0,63
2024,1,12,4,23,72
2024,1,12,4,22,76
2024,1,12,4,21,75
2024,1,12,4,20,79
2024,1,12,4,19,77
2024,1,12,4,18,77
2024,1,12,4,17,87
2024,1,12,4,16,99
2024,1,12,4,15,109
2024,1,12,4,14,115
2024,1,12,4,13,111
2024,1,12,4,12,116
2024,1,12,4,11,119
2024,1,12,4,10,120
2024,1,12,4,9,114
2024,1,12,4,8,100
2024,1,12,4,7,86
2024,1,12,4,6,69
2024,1,12,4,5,69
2024,1,12,4,4,70
2024,1,12,4,3,69
2024,1,12,4,2,65
2024,1,12,4,1,65
2024,1,12,4,0,66
2024,1,11,3,23,73
2024,1,11,3,22,71
2024,1,11,3,21,73
2024,1,11,3,20,78
2024,1,11,3,19,77
2024,1,11,3,18,80
2024,1,11,3,17,95
2024,1,11,3,16,106
2024,1,11,3,15,109
2024,1,11,3,14,111
2024,1,11,3,13,111
2024,1,11,3,12,108
2024,1,11,3,11,112
2024,1,11,3,10,112
2024,1,11,3,9,114
2024,1,11,3,8,101
2024,1,11,3,7,87
2024,1,11,3,6,68
2024,1,11,3,5,68
2024,1,11,3,4,67
2024,1,11,3,3,64
2024,1,11,3,2,64
2024,1,11,3,1,62
2024,1,11,3,0,64
2024,1,10,2,23,72
2024,1,10,2,22,71
2024,1,10,2,21,71
2024,1,10,2,20,75
2024,1,10,2,19,75
2024,1,10,2,18,82
2024,1,10,2,17,97
2024,1,10,2,16,111
2024,1,10,2,15,113
2024,1,10,2,14,115
2024,1,10,2,13,114
2024,1,10,2,12,114
2024,1,10,2,11,119
2024,1,10,2,10,118
2024,1,10,2,9,114
2024,1,10,2,8,100
2024,1,10,2,7,86
2024,1,10,2,6,69
2024,1,10,2,5,66
2024,1,10,2,4,63
2024,1,10,2,3,63
2024,1,10,2,2,63
2024,1,10,2,1,63
2024,1,10,2,0,63
2024,1,9,1,23,71
2024,1,9,1,22,74
2024,1,9,1,21,71
2024,1,9,1,20,75
2024,1,9,1,19,77
2024,1,9,1,18,83
2024,1,9,1,17,94
2024,1,9,1,16,106
2024,1,9,1,15,109
2024,1,9,1,14,112
2024,1,9,1,13,109
2024,1,9,1,12,112
2024,1,9,1,11,112
2024,1,9,1,10,114
2024,1,9,1,9,113
2024,1,9,1,8,101
2024,1,9,1,7,86
2024,1,9,1,6,71
2024,1,9,1,5,66
2024,1,9,1,4,67
2024,1,9,1,3,64
2024,1,9,1,2,64
2024,1,9,1,1,64
2024,1,9,1,0,64
2024,1,8,0,23,71
2024,1,8,0,22,71
2024,1,8,0,21,74
2024,1,8,0,20,82
2024,1,8,0,19,83
2024,1,8,0,18,87
2024,1,8,0,17,97
2024,1,8,0,16,112
2024,1,8,0,15,112
2024,1,8,0,14,117
2024,1,8,0,13,119
2024,1,8,0,12,121
2024,1,8,0,11,123
2024,1,8,0,10,120
2024,1,8,0,9,115
2024,1,8,0,8,98
2024,1,8,0,7,85
2024,1,8,0,6,68
2024,1,8,0,5,67
2024,1,8,0,4,67
2024,1,8,0,3,67
2024,1,8,0,2,64
2024,1,8,0,1,63
2024,1,8,0,0,64
2024,1,7,6,23,70
2024,1,7,6,22,70
2024,1,7,6,21,71
2024,1,7,6,20,74
2024,1,7,6,19,74
2024,1,7,6,18,73
2024,1,7,6,17,70
2024,1,7,6,16,70
2024,1,7,6,15,69
2024,1,7,6,14,70
2024,1,7,6,13,71
2024,1,7,6,12,71
2024,1,7,6,11,71
2024,1,7,6,10,70
2024,1,7,6,9,70
2024,1,7,6,8,72
2024,1,7,6,7,72
2024,1,7,6,6,63
2024,1,7,6,5,63
2024,1,7,6,4,64
2024,1,7,6,3,62
2024,1,7,6,2,63
2024,1,7,6,1,62
2024,1,7,6,0,62
2024,1,6,5,23,67
2024,1,6,5,22,71
2024,1,6,5,21,69
2024,1,6,5,20,72
2024,1,6,5,19,72
2024,1,6,5,18,73
2024,1,6,5,17,69
2024,1,6,5,16,69
2024,1,6,5,15,68
2024,1,6,5,14,69
2024,1,6,5,13,68
2024,1,6,5,12,69
2024,1,6,5,11,65
2024,1,6,5,10,68
2024,1,6,5,9,68
2024,1,6,5,8,71
2024,1,6,5,7,71
2024,1,6,5,6,63
2024,1,6,5,5,63
2024,1,6,5,4,62
2024,1,6,5,3,62
2024,1,6,5,2,63
2024,1,6,5,1,62
2024,1,6,5,0,62
2024,1,5,4,23,68
2024,1,5,4,22,68
2024,1,5,4,21,69
2024,1,5,4,20,72
2024,1,5,4,19,77
2024,1,5,4,18,77
2024,1,5,4,17,88
2024,1,5,4,16,104
2024,1,5,4,15,109
2024,1,5,4,14,110
2024,1,5,4,13,111
2024,1,5,4,12,109
2024,1,5,4,11,115
2024,1,5,4,10,118
2024,1,5,4,9,114
2024,1,5,4,8,101
2024,1,5,4,7,87
2024,1,5,4,6,67
2024,1,5,4,5,65
2024,1,5,4,4,65
2024,1,5,4,3,65
2024,1,5,4,2,62
2024,1,5,4,1,61
2024,1,5,4,0,65
2024,1,4,3,23,78
2024,1,4,3,22,76
2024,1,4,3,21,75
2024,1,4,3,20,79
2024,1,4,3,19,81
2024,1,4,3,18,81
2024,1,4,3,17,95
2024,1,4,3,16,108
2024,1,4,3,15,111
2024,1,4,3,14,119
2024,1,4,3,13,118
2024,1,4,3,12,120
2024,1,4,3,11,114
2024,1,4,3,10,111
2024,1,4,3,9,111
2024,1,4,3,8,100
2024,1,4,3,7,86
2024,1,4,3,6,69
2024,1,4,3,5,66
2024,1,4,3,4,67
2024,1,4,3,3,66
2024,1,4,3,2,62
2024,1,4,3,1,62
2024,1,4,3,0,63
2024,1,3,2,23,71
2024,1,3,2,22,71
2024,1,3,2,21,72
2024,1,3,2,20,74
2024,1,3,2,19,77
2024,1,3,2,18,80
2024,1,3,2,17,94
2024,1,3,2,16,104
2024,1,3,2,15,114
2024,1,3,2,14,115
2024,1,3,2,13,113
2024,1,3,2,12,114
2024,1,3,2,11,115
2024,1,3,2,10,113
2024,1,3,2,9,112
2024,1,3,2,8,97
2024,1,3,2,7,85
2024,1,3,2,6,69
2024,1,3,2,5,65
2024,1,3,2,4,64
2024,1,3,2,3,62
2024,1,3,2,2,62
2024,1,3,2,1,62
2024,1,3,2,0,62
2024,1,2,1,23,70
2024,1,2,1,22,70
2024,1,2,1,21,71
2024,1,2,1,20,72
2024,1,2,1,19,75
2024,1,2,1,18,79
2024,1,2,1,17,93
2024,1,2,1,16,108
2024,1,2,1,15,115
2024,1,2,1,14,122
2024,1,2,1,13,119
2024,1,2,1,12,120
2024,1,2,1,11,120
2024,1,2,1,10,118
2024,1,2,1,9,114
2024,1,2,1,8,100
2024,1,2,1,7,84
2024,1,2,1,6,71
2024,1,2,1,5,68
2024,1,2,1,4,68
2024,1,2,1,3,67
2024,1,2,1,2,66
2024,1,2,1,1,65
2024,1,2,1,0,66
2024,1,1,0,23,71
2024,1,1,0,22,70
2024,1,1,0,21,71
2024,1,1,0,20,75
2024,1,1,0,19,75
2024,1,1,0,18,77
2024,1,1,0,17,75
2024,1,1,0,16,77
2024,1,1,0,15,78
2024,1,1,0,14,81
2024,1,1,0,13,80
2024,1,1,0,12,80
2024,1,1,0,11,79
2024,1,1,0,10,82
2024,1,1,0,9,82
2024,1,1,0,8,83
2024,1,1,0,7,81
2024,1,1,0,6,71
2024,1,1,0,5,68
2024,1,1,0,4,68
2024,1,1,0,3,68
2024,1,1,0,2,63
2024,1,1,0,1,64
2024,1,1,0,0,67
2023,12,31,6,23,72
2023,12,31,6,22,70
2023,12,31,6,21,70
2023,12,31,6,20,73
2023,12,31,6,19,76
2023,12,31,6,18,74
2023,12,31,6,17,72
2023,12,31,6,16,72
2023,12,31,6,15,71
2023,12,31,6,14,72
2023,12,31,6,13,72
2023,12,31,6,12,73
2023,12,31,6,11,72
2023,12,31,6,10,73
2023,12,31,6,9,73
2023,12,31,6,8,77
2023,12,31,6,7,75
2023,12,31,6,6,64
2023,12,31,6,5,63
2023,12,31,6,4,62
2023,12,31,6,3,62
2023,12,31,6,2,62
2023,12,31,6,1,62
2023,12,31,6,0,63
2023,12,30,5,23,69
2023,12,30,5,22,69
2023,12,30,5,21,69
2023,12,30,5,20,73
2023,12,30,5,19,74
2023,12,30,5,18,73
2023,12,30,5,17,73
2023,12,30,5,16,73
2023,12,30,5,15,73
2023,12,30,5,14,72
2023,12,30,5,13,71
2023,12,30,5,12,71
2023,12,30,5,11,71
2023,12,30,5,10,71
2023,12,30,5,9,72
2023,12,30,5,8,74
2023,12,30,5,7,73
2023,12,30,5,6,63
2023,12,30,5,5,63
2023,12,30,5,4,63
2023,12,30,5,3,62
2023,12,30,5,2,62
2023,12,30,5,1,62
2023,12,30,5,0,62
2023,12,29,4,23,69
2023,12,29,4,22,70
2023,12,29,4,21,69
2023,12,29,4,20,71
2023,12,29,4,19,74
2023,12,29,4,18,76
2023,12,29,4,17,75
2023,12,29,4,16,75
2023,12,29,4,15,80
2023,12,29,4,14,79
2023,12,29,4,13,80
2023,12,29,4,12,79
2023,12,29,4,11,79
2023,12,29,4,10,81
2023,12,29,4,9,83
2023,12,29,4,8,83
2023,12,29,4,7,80
2023,12,29,4,6,68
2023,12,29,4,5,68
2023,12,29,4,4,64
2023,12,29,4,3,63
2023,12,29,4,2,63
2023,12,29,4,1,63
2023,12,29,4,0,67
2023,12,28,3,23,74
2023,12,28,3,22,74
2023,12,28,3,21,76
2023,12,28,3,20,77
2023,12,28,3,19,74
2023,12,28,3,18,78
2023,12,28,3,17,85
2023,12,28,3,16,96
2023,12,28,3,15,99
2023,12,28,3,14,101
2023,12,28,3,13,102
2023,12,28,3,12,105
2023,12,28,3,11,105
2023,12,28,3,10,103
2023,12,28,3,9,103
2023,12,28,3,8,95
2023,12,28,3,7,84
2023,12,28,3,6,69
2023,12,28,3,5,67
2023,12,28,3,4,65
2023,12,28,3,3,63
2023,12,28,3,2,62
2023,12,28,3,1,61
2023,12,28,3,0,61
2023,12,27,2,23,68
2023,12,27,2,22,70
2023,12,27,2,21,70
2023,12,27,2,20,71
2023,12,27,2,19,73
2023,12,27,2,18,78
2023,12,27,2,17,89
2023,12,27,2,16,95
2023,12,27,2,15,102
2023,12,27,2,14,104
2023,12,27,2,13,104
2023,12,27,2,12,105
2023,12,27,2,11,105
2023,12,27,2,10,101
2023,12,27,2,9,101
2023,12,27,2,8,94
2023,12,27,2,7,83
2023,12,27,2,6,69
2023,12,27,2,5,66
2023,12,27,2,4,64
2023,12,27,2,3,61
2023,12,27,2,2,61
2023,12,27,2,1,60
2023,12,27,2,0,59
2023,12,26,1,23,65
2023,12,26,1,22,68
2023,12,26,1,21,67
2023,12,26,1,20,71
2023,12,26,1,19,74
2023,12,26,1,18,78
2023,12,26,1,17,91
2023,12,26,1,16,99
2023,12,26,1,15,104
2023,12,26,1,14,105
2023,12,26,1,13,108
2023,12,26,1,12,103
2023,12,26,1,11,107
2023,12,26,1,10,114
2023,12,26,1,9,114
2023,12,26,1,8,105
2023,12,26,1,7,90
2023,12,26,1,6,66
2023,12,26,1,5,64
2023,12,26,1,4,63
2023,12,26,1,3,61
2023,12,26,1,2,61
2023,12,26,1,1,60
2023,12,26,1,0,62
2023,12,25,0,23,66
2023,12,25,0,22,65
2023,12,25,0,21,64
2023,12,25,0,20,69
2023,12,25,0,19,70
2023,12,25,0,18,70
2023,12,25,0,17,73
2023,12,25,0,16,74
2023,12,25,0,15,74
2023,12,25,0,14,76
2023,12,25,0,13,75
2023,12,25,0,12,77
2023,12,25,0,11,74
2023,12,25,0,10,78
2023,12,25,0,9,79
2023,12,25,0,8,80
2023,12,25,0,7,78
2023,12,25,0,6,68
2023,12,25,0,5,64
2023,12,25,0,4,62
2023,12,25,0,3,60
2023,12,25,0,2,60
2023,12,25,0,1,60
2023,12,25,0,0,60
2023,12,24,6,23,66
2023,12,24,6,22,65
2023,12,24,6,21,65
2023,12,24,6,20,68
2023,12,24,6,19,70
2023,12,24,6,18,66
2023,12,24,6,17,66
2023,12,24,6,16,65
2023,12,24,6,15,64
2023,12,24,6,14,65
2023,12,24,6,13,66
2023,12,24,6,12,63
2023,12,24,6,11,65
2023,12,24,6,10,66
2023,12,24,6,9,67
2023,12,24,6,8,68
2023,12,24,6,7,71
2023,12,24,6,6,60
2023,12,24,6,5,59
2023,12,24,6,4,59
2023,12,24,6,3,58
2023,12,24,6,2,59
2023,12,24,6,1,59
2023,12,24,6,0,59
2023,12,23,5,23,64
2023,12,23,5,22,64
2023,12,23,5,21,65
2023,12,23,5,20,67
2023,12,23,5,19,67
2023,12,23,5,18,70
2023,12,23,5,17,68
2023,12,23,5,16,67
2023,12,23,5,15,67
2023,12,23,5,14,67
2023,12,23,5,13,66
2023,12,23,5,12,65
2023,12,23,5,11,66
2023,12,23,5,10,65
2023,12,23,5,9,65
2023,12,23,5,8,67
2023,12,23,5,7,67
2023,12,23,5,6,59
2023,12,23,5,5,59
2023,12,23,5,4,59
2023,12,23,5,3,58
2023,12,23,5,2,60
2023,12,23,5,1,60
2023,12,23,5,0,60
2023,12,22,4,23,66
2023,12,22,4,22,65
2023,12,22,4,21,66
2023,12,22,4,20,70
2023,12,22,4,19,70
2023,12,22,4,18,72
2023,12,22,4,17,76
2023,12,22,4,16,75
2023,12,22,4,15,78
2023,12,22,4,14,80
2023,12,22,4,13,80
2023,12,22,4,12,80
2023,12,22,4,11,80
2023,12,22,4,10,83
2023,12,22,4,9,72
2023,12,22,4,8,80
2023,12,22,4,7,76
2023,12,22,4,6,66
2023,12,22,4,5,64
2023,12,22,4,4,62
2023,12,22,4,3,62
2023,12,22,4,2,61
2023,12,22,4,1,60
2023,12,22,4,0,60
2023,12,21,3,23,69
2023,12,21,3,22,68
2023,12,21,3,21,70
2023,12,21,3,20,74
2023,12,21,3,19,76
2023,12,21,3,18,84
2023,12,21,3,17,94
2023,12,21,3,16,101
2023,12,21,3,15,104
2023,12,21,3,14,106
2023,12,21,3,13,107
2023,12,21,3,12,106
2023,12,21,3,11,112
2023,12,21,3,10,110
2023,12,21,3,9,107
2023,12,21,3,8,97
2023,12,21,3,7,86
2023,12,21,3,6,71
2023,12,21,3,5,68
2023,12,21,3,4,65
2023,12,21,3,3,63
2023,12,21,3,2,64
2023,12,21,3,1,64
2023,12,21,3,0,62
2023,12,20,2,23,69
2023,12,20,2,22,76
2023,12,20,2,21,79
2023,12,20,2,20,84
2023,12,20,2,19,81
2023,12,20,2,18,83
2023,12,20,2,17,96
2023,12,20,2,16,105
2023,12,20,2,15,111
2023,12,20,2,14,113
2023,12,20,2,13,113
2023,12,20,2,12,110
2023,12,20,2,11,110
2023,12,20,2,10,109
2023,12,20,2,9,109
2023,12,20,2,8,98
2023,12,20,2,7,86
2023,12,20,2,6,72
2023,12,20,2,5,67
2023,12,20,2,4,65
2023,12,20,2,3,63
2023,12,20,2,2,63
2023,12,20,2,1,62
2023,12,20,2,0,63
2023,12,19,1,23,69
2023,12,19,1,22,70
2023,12,19,1,21,70
2023,12,19,1,20,72
2023,12,19,1,19,75
2023,12,19,1,18,81
2023,12,19,1,17,92
2023,12,19,1,16,104
2023,12,19,1,15,107
2023,12,19,1,14,113
2023,12,19,1,13,112
2023,12,19,1,12,118
2023,12,19,1,11,117
2023,12,19,1,10,118
2023,12,19,1,9,117
2023,12,19,1,8,99
2023,12,19,1,7,87
2023,12,19,1,6,71
2023,12,19,1,5,69
2023,12,19,1,4,70
2023,12,19,1,3,69
2023,12,19,1,2,64
2023,12,19,1,1,65
2023,12,19,1,0,65
2023,12,18,0,23,71
2023,12,18,0,22,73
2023,12,18,0,21,73
2023,12,18,0,20,77
2023,12,18,0,19,78
2023,12,18,0,18,81
2023,12,18,0,17,94
2023,12,18,0,16,108
2023,12,18,0,15,110
2023,12,18,0,14,110
2023,12,18,0,13,110
2023,12,18,0,12,113
2023,12,18,0,11,112
2023,12,18,0,10,111
2023,12,18,0,9,107
2023,12,18,0,8,98
2023,12,18,0,7,87
2023,12,18,0,6,69
2023,12,18,0,5,68
2023,12,18,0,4,67
2023,12,18,0,3,66
2023,12,18,0,2,63
2023,12,18,0,1,64
2023,12,18,0,0,60
2023,12,17,6,23,66
2023,12,17,6,22,64
2023,12,17,6,21,66
2023,12,17,6,20,66
2023,12,17,6,19,67
2023,12,17,6,18,67
2023,12,17,6,17,66
2023,12,17,6,16,65
2023,12,17,6,15,65
2023,12,17,6,14,66
2023,12,17,6,13,65
2023,12,17,6,12,65
2023,12,17,6,11,64
2023,12,17,6,10,64
2023,12,17,6,9,64
2023,12,17,6,8,67
2023,12,17,6,7,66
2023,12,17,6,6,59
2023,12,17,6,5,59
2023,12,17,6,4,59
2023,12,17,6,3,59
2023,12,17,6,2,59
2023,12,17,6,1,59
2023,12,17,6,0,60
2023,12,16,5,23,63
2023,12,16,5,22,65
2023,12,16,5,21,66
2023,12,16,5,20,66
2023,12,16,5,19,65
2023,12,16,5,18,65
2023,12,16,5,17,65
2023,12,16,5,16,63
2023,12,16,5,15,63
2023,12,16,5,14,63
2023,12,16,5,13,65
2023,12,16,5,12,64
2023,12,16,5,11,65
2023,12,16,5,10,64
2023,12,16,5,9,64
2023,12,16,5,8,65
2023,12,16,5,7,66
2023,12,16,5,6,59
2023,12,16,5,5,60
2023,12,16,5,4,60
2023,12,16,5,3,59
2023,12,16,5,2,60
2023,12,16,5,1,60
2023,12,16,5,0,59
2023,12,15,4,23,65
2023,12,15,4,22,66
2023,12,15,4,21,67
2023,12,15,4,20,72
2023,12,15,4,19,71
2023,12,15,4,18,76
2023,12,15,4,17,92
2023,12,15,4,16,97
2023,12,15,4,15,99
2023,12,15,4,14,103
2023,12,15,4,13,104
2023,12,15,4,12,102
2023,12,15,4,11,104
2023,12,15,4,10,104
2023,12,15,4,9,104
2023,12,15,4,8,96
2023,12,15,4,7,84
2023,12,15,4,6,71
2023,12,15,4,5,66
2023,12,15,4,4,65
2023,12,15,4,3,63
2023,12,15,4,2,62
2023,12,15,4,1,62
2023,12,15,4,0,62
2023,12,14,3,23,68
2023,12,14,3,22,70
2023,12,14,3,21,71
2023,12,14,3,20,76
2023,12,14,3,19,76
2023,12,14,3,18,83
2023,12,14,3,17,96
2023,12,14,3,16,105
2023,12,14,3,15,106
2023,12,14,3,14,111
2023,12,14,3,13,110
2023,12,14,3,12,109
2023,12,14,3,11,105
2023,12,14,3,10,107
2023,12,14,3,9,106
2023,12,14,3,8,98
2023,12,14,3,7,88
2023,12,14,3,6,69
2023,12,14,3,5,66
2023,12,14,3,4,66
2023,12,14,3,3,63
2023,12,14,3,2,63
2023,12,14,3,1,64
2023,12,14,3,0,63
2023,12,13,2,23,72
2023,12,13,2,22,71
2023,12,13,2,21,72
2023,12,13,2,20,73
2023,12,13,2,19,77
2023,12,13,2,18,80
2023,12,13,2,17,93
2023,12,13,2,16,103
2023,12,13,2,15,107
2023,12,13,2,14,114
2023,12,13,2,13,113
2023,12,13,2,12,118
2023,12,13,2,11,118
2023,12,13,2,10,116
2023,12,13,2,9,112
2023,12,13,2,8,103
2023,12,13,2,7,94
2023,12,13,2,6,71
2023,12,13,2,5,66
2023,12,13,2,4,66
2023,12,13,2,3,64
2023,12,13,2,2,64
2023,12,13,2,1,67
2023,12,13,2,0,63
2023,12,12,1,23,71
2023,12,12,1,22,70
2023,12,12,1,21,71
2023,12,12,1,20,74
2023,12,12,1,19,78
2023,12,12,1,18,87
2023,12,12,1,17,100
2023,12,12,1,16,111
2023,12,12,1,15,118
2023,12,12,1,14,113
2023,12,12,1,13,114
2023,12,12,1,12,117
2023,12,12,1,11,116
2023,12,12,1,10,117
2023,12,12,1,9,111
2023,12,12,1,8,98
2023,12,12,1,7,85
2023,12,12,1,6,69
2023,12,12,1,5,65
2023,12,12,1,4,64
2023,12,12,1,3,62
2023,12,12,1,2,62
2023,12,12,1,1,62
2023,12,12,1,0,63
2023,12,11,0,23,67
2023,12,11,0,22,67
2023,12,11,0,21,68
2023,12,11,0,20,75
2023,12,11,0,19,74
2023,12,11,0,18,80
2023,12,11,0,17,99
2023,12,11,0,16,108
2023,12,11,0,15,110
2023,12,11,0,14,110
2023,12,11,0,13,118
2023,12,11,0,12,114
2023,12,11,0,11,114
2023,12,11,0,10,113
2023,12,11,0,9,109
2023,12,11,0,8,95
2023,12,11,0,7,86
2023,12,11,0,6,69
2023,12,11,0,5,65
2023,12,11,0,4,63
2023,12,11,0,3,64
2023,12,11,0,2,62
2023,12,11,0,1,63
2023,12,11,0,0,62
2023,12,10,6,23,67
2023,12,10,6,22,67
2023,12,10,6,21,69
2023,12,10,6,20,70
2023,12,10,6,19,74
2023,12,10,6,18,79
2023,12,10,6,17,79
2023,12,10,6,16,78
2023,12,10,6,15,73
2023,12,10,6,14,70
2023,12,10,6,13,70
2023,12,10,6,12,69
2023,12,10,6,11,71
2023,12,10,6,10,71
2023,12,10,6,9,69
2023,12,10,6,8,72
2023,12,10,6,7,72
2023,12,10,6,6,62
2023,12,10,6,5,61
2023,12,10,6,4,61
2023,12,10,6,3,61
2023,12,10,6,2,60
2023,12,10,6,1,60
2023,12,10,6,0,59
2023,12,9,5,23,64
2023,12,9,5,22,63
2023,12,9,5,21,64
2023,12,9,5,20,65
2023,12,9,5,19,66
2023,12,9,5,18,65
2023,12,9,5,17,64
2023,12,9,5,16,61
2023,12,9,5,15,61
2023,12,9,5,14,63
2023,12,9,5,13,64
2023,12,9,5,12,62
2023,12,9,5,11,66
2023,12,9,5,10,69
2023,12,9,5,9,69
2023,12,9,5,8,72
2023,12,9,5,7,68
2023,12,9,5,6,58
2023,12,9,5,5,58
2023,12,9,5,4,58
2023,12,9,5,3,58
2023,12,9,5,2,58
2023,12,9,5,1,58
2023,12,9,5,0,59
2023,12,8,4,23,63
2023,12,8,4,22,63
2023,12,8,4,21,65
2023,12,8,4,20,72
2023,12,8,4,19,80
2023,12,8,4,18,84
2023,12,8,4,17,94
2023,12,8,4,16,105
2023,12,8,4,15,104
2023,12,8,4,14,102
2023,12,8,4,13,103
2023,12,8,4,12,106
2023,12,8,4,11,104
2023,12,8,4,10,102
2023,12,8,4,9,100
2023,12,8,4,8,93
2023,12,8,4,7,82
2023,12,8,4,6,68
2023,12,8,4,5,63
2023,12,8,4,4,61
2023,12,8,4,3,61
2023,12,8,4,2,60
2023,12,8,4,1,59
2023,12,8,4,0,60
2023,12,7,3,23,65
2023,12,7,3,22,66
2023,12,7,3,21,68
2023,12,7,3,20,72
2023,12,7,3,19,73
2023,12,7,3,18,77
2023,12,7,3,17,89
2023,12,7,3,16,100
2023,12,7,3,15,103
2023,12,7,3,14,106
2023,12,7,3,13,109
2023,12,7,3,12,107
2023,12,7,3,11,106
2023,12,7,3,10,107
2023,12,7,3,9,106
2023,12,7,3,8,96
2023,12,7,3,7,84
2023,12,7,3,6,67
2023,12,7,3,5,64
2023,12,7,3,4,61
2023,12,7,3,3,62
2023,12,7,3,2,62
2023,12,7,3,1,62
2023,12,7,3,0,60
2023,12,6,2,23,67
2023,12,6,2,22,68
2023,12,6,2,21,68
2023,12,6,2,20,72
2023,12,6,2,19,78
2023,12,6,2,18,82
2023,12,6,2,17,99
2023,12,6,2,16,108
2023,12,6,2,15,105
2023,12,6,2,14,107
2023,12,6,2,13,110
2023,12,6,2,12,113
2023,12,6,2,11,112
2023,12,6,2,10,111
2023,12,6,2,9,110
2023,12,6,2,8,97
2023,12,6,2,7,83
2023,12,6,2,6,67
2023,12,6,2,5,63
2023,12,6,2,4,64
2023,12,6,2,3,63
2023,12,6,2,2,62
2023,12,6,2,1,62
2023,12,6,2,0,64
2023,12,5,1,23,67
2023,12,5,1,22,68
2023,12,5,1,21,67
2023,12,5,1,20,73
2023,12,5,1,19,71
2023,12,5,1,18,77
2023,12,5,1,17,93
2023,12,5,1,16,103
2023,12,5,1,15,109
2023,12,5,1,14,108
2023,12,5,1,13,111
2023,12,5,1,12,109
2023,12,5,1,11,116
2023,12,5,1,10,114
2023,12,5,1,9,111
2023,12,5,1,8,99
2023,12,5,1,7,82
2023,12,5,1,6,67
2023,12,5,1,5,65
2023,12,5,1,4,63
2023,12,5,1,3,64
2023,12,5,1,2,63
2023,12,5,1,1,63
2023,12,5,1,0,62
2023,12,4,0,23,67
2023,12,4,0,22,70
2023,12,4,0,21,66
2023,12,4,0,20,70
2023,12,4,0,19,70
2023,12,4,0,18,76
2023,12,4,0,17,93
2023,12,4,0,16,104
2023,12,4,0,15,106
2023,12,4,0,14,106
2023,12,4,0,13,111
2023,12,4,0,12,115
2023,12,4,0,11,115
2023,12,4,0,10,114
2023,12,4,0,9,109
2023,12,4,0,8,97
2023,12,4,0,7,84
2023,12,4,0,6,71
2023,12,4,0,5,67
2023,12,4,0,4,68
2023,12,4,0,3,69
2023,12,4,0,2,68
2023,12,4,0,1,69
2023,12,4,0,0,65
2023,12,3,6,23,67
2023,12,3,6,22,66
2023,12,3,6,21,64
2023,12,3,6,20,69
2023,12,3,6,19,67
2023,12,3,6,18,67
2023,12,3,6,17,67
2023,12,3,6,16,65
2023,12,3,6,15,64
2023,12,3,6,14,66
2023,12,3,6,13,66
2023,12,3,6,12,65
2023,12,3,6,11,65
2023,12,3,6,10,66
2023,12,3,6,9,67
2023,12,3,6,8,70
2023,12,3,6,7,70
2023,12,3,6,6,61
2023,12,3,6,5,62
2023,12,3,6,4,61
2023,12,3,6,3,61
2023,12,3,6,2,62
2023,12,3,6,1,62
2023,12,3,6,0,62
2023,12,2,5,23,67
2023,12,2,5,22,68
2023,12,2,5,21,67
2023,12,2,5,20,68
2023,12,2,5,19,69
2023,12,2,5,18,68
2023,12,2,5,17,67
2023,12,2,5,16,65
2023,12,2,5,15,64
2023,12,2,5,14,67
2023,12,2,5,13,67
2023,12,2,5,12,67
2023,12,2,5,11,68
2023,12,2,5,10,70
2023,12,2,5,9,71
2023,12,2,5,8,72
2023,12,2,5,7,72
2023,12,2,5,6,62
2023,12,2,5,5,63
2023,12,2,5,4,63
2023,12,2,5,3,64
2023,12,2,5,2,63
2023,12,2,5,1,63
2023,12,2,5,0,64
2023,12,1,4,23,68
2023,12,1,4,22,69
2023,12,1,4,21,71
2023,12,1,4,20,73
2023,12,1,4,19,76
2023,12,1,4,18,77
2023,12,1,4,17,88
2023,12,1,4,16,97
2023,12,1,4,15,102
2023,12,1,4,14,106
2023,12,1,4,13,103
2023,12,1,4,12,107
2023,12,1,4,11,110
2023,12,1,4,10,109
2023,12,1,4,9,109
2023,12,1,4,8,101
2023,12,1,4,7,86
2023,12,1,4,6,72
2023,12,1,4,5,69
2023,12,1,4,4,68
2023,12,1,4,3,65
2023,12,1,4,2,64
2023,12,1,4,1,64
2023,12,1,4,0,64
2023,11,30,3,23,73
2023,11,30,3,22,70
2023,11,30,3,21,70
2023,11,30,3,20,73
2023,11,30,3,19,74
2023,11,30,3,18,80
2023,11,30,3,17,90
2023,11,30,3,16,104
2023,11,30,3,15,112
2023,11,30,3,14,116
2023,11,30,3,13,115
2023,11,30,3,12,110
2023,11,30,3,11,105
2023,11,30,3,10,107
2023,11,30,3,9,107
2023,11,30,3,8,96
2023,11,30,3,7,84
2023,11,30,3,6,69
2023,11,30,3,5,65
2023,11,30,3,4,64
2023,11,30,3,3,61
2023,11,30,3,2,61
2023,11,30,3,1,61
2023,11,30,3,0,60
2023,11,29,2,23,68
2023,11,29,2,22,67
2023,11,29,2,21,68
2023,11,29,2,20,71
2023,11,29,2,19,74
2023,11,29,2,18,77
2023,11,29,2,17,87
2023,11,29,2,16,102
2023,11,29,2,15,105
2023,11,29,2,14,112
2023,11,29,2,13,115
2023,11,29,2,12,117
2023,11,29,2,11,114
2023,11,29,2,10,110
2023,11,29,2,9,111
2023,11,29,2,8,101
2023,11,29,2,7,89
2023,11,29,2,6,69
2023,11,29,2,5,66
2023,11,29,2,4,65
2023,11,29,2,3,66
2023,11,29,2,2,62
2023,11,29,2,1,64
2023,11,29,2,0,64
2023,11,28,1,23,70
2023,11,28,1,22,72
2023,11,28,1,21,72
2023,11,28,1,20,76
2023,11,28,1,19,79
2023,11,28,1,18,82
2023,11,28,1,17,96
2023,11,28,1,16,109
2023,11,28,1,15,112
2023,11,28,1,14,113
2023,11,28,1,13,114
2023,11,28,1,12,116
2023,11,28,1,11,118
2023,11,28,1,10,116
2023,11,28,1,9,115
2023,11,28,1,8,100
2023,11,28,1,7,88
2023,11,28,1,6,72
2023,11,28,1,5,68
2023,11,28,1,4,68
2023,11,28,1,3,69
2023,11,28,1,2,64
2023,11,28,1,1,63
2023,11,28,1,0,64
2023,11,27,0,23,70
2023,11,27,0,22,70
2023,11,27,0,21,70
2023,11,27,0,20,76
2023,11,27,0,19,78
2023,11,27,0,18,82
2023,11,27,0,17,93
2023,11,27,0,16,108
2023,11,27,0,15,112
2023,11,27,0,14,115
2023,11,27,0,13,117
2023,11,27,0,12,118
2023,11,27,0,11,118
2023,11,27,0,10,113
2023,11,27,0,9,110
2023,11,27,0,8,96
2023,11,27,0,7,86
2023,11,27,0,6,69
2023,11,27,0,5,68
2023,11,27,0,4,67
2023,11,27,0,3,69
2023,11,27,0,2,63
2023,11,27,0,1,63
2023,11,27,0,0,65
2023,11,26,6,23,69
2023,11,26,6,22,69
2023,11,26,6,21,70
2023,11,26,6,20,71
2023,11,26,6,19,72
2023,11,26,6,18,75
2023,11,26,6,17,73
2023,11,26,6,16,70
2023,11,26,6,15,69
2023,11,26,6,14,69
2023,11,26,6,13,69
2023,11,26,6,12,69
2023,11,26,6,11,69
2023,11,26,6,10,68
2023,11,26,6,9,68
2023,11,26,6,8,70
2023,11,26,6,7,70
2023,11,26,6,6,63
2023,11,26,6,5,61
2023,11,26,6,4,62
2023,11,26,6,3,60
2023,11,26,6,2,61
2023,11,26,6,1,61
2023,11,26,6,0,63
2023,11,25,5,23,67
2023,11,25,5,22,68
2023,11,25,5,21,68
2023,11,25,5,20,72
2023,11,25,5,19,71
2023,11,25,5,18,73
2023,11,25,5,17,71
2023,11,25,5,16,69
2023,11,25,5,15,68
2023,11,25,5,14,69
2023,11,25,5,13,70
2023,11,25,5,12,70
2023,11,25,5,11,69
2023,11,25,5,10,69
2023,11,25,5,9,68
2023,11,25,5,8,70
2023,11,25,5,7,72
2023,11,25,5,6,62
2023,11,25,5,5,62
2023,11,25,5,4,61
2023,11,25,5,3,61
2023,11,25,5,2,61
2023,11,25,5,1,61
2023,11,25,5,0,63
2023,11,24,4,23,69
2023,11,24,4,22,68
2023,11,24,4,21,69
2023,11,24,4,20,74
2023,11,24,4,19,74
2023,11,24,4,18,73
2023,11,24,4,17,73
2023,11,24,4,16,77
2023,11,24,4,15,79
2023,11,24,4,14,79
2023,11,24,4,13,77
2023,11,24,4,12,78
2023,11,24,4,11,77
2023,11,24,4,10,78
2023,11,24,4,9,78
2023,11,24,4,8,80
2023,11,24,4,7,80
2023,11,24,4,6,67
2023,11,24,4,5,65
2023,11,24,4,4,66
2023,11,24,4,3,65
2023,11,24,4,2,62
2023,11,24,4,1,62
2023,11,24,4,0,64
2023,11,23,3,23,69
2023,11,23,3,22,68
2023,11,23,3,21,69
2023,11,23,3,20,75
2023,11,23,3,19,76
2023,11,23,3,18,72
2023,11,23,3,17,71
2023,11,23,3,16,73
2023,11,23,3,15,75
2023,11,23,3,14,75
2023,11,23,3,13,79
2023,11,23,3,12,83
2023,11,23,3,11,83
2023,11,23,3,10,85
2023,11,23,3,9,78
2023,11,23,3,8,75
2023,11,23,3,7,79
2023,11,23,3,6,66
2023,11,23,3,5,63
2023,11,23,3,4,60
2023,11,23,3,3,58
2023,11,23,3,2,59
2023,11,23,3,1,58
2023,11,23,3,0,57
2023,11,22,2,23,64
2023,11,22,2,22,65
2023,11,22,2,21,67
2023,11,22,2,20,69
2023,11,22,2,19,73
2023,11,22,2,18,75
2023,11,22,2,17,83
2023,11,22,2,16,98
2023,11,22,2,15,98
2023,11,22,2,14,106
2023,11,22,2,13,105
2023,11,22,2,12,105
2023,11,22,2,11,103
2023,11,22,2,10,105
2023,11,22,2,9,108
2023,11,22,2,8,94
2023,11,22,2,7,83
2023,11,22,2,6,70
2023,11,22,2,5,65
2023,11,22,2,4,63
2023,11,22,2,3,63
2023,11,22,2,2,63
2023,11,22,2,1,62
2023,11,22,2,0,63
2023,11,21,1,23,70
2023,11,21,1,22,69
2023,11,21,1,21,69
2023,11,21,1,20,74
2023,11,21,1,19,77
2023,11,21,1,18,80
2023,11,21,1,17,87
2023,11,21,1,16,101
2023,11,21,1,15,106
2023,11,21,1,14,109
2023,11,21,1,13,107
2023,11,21,1,12,106
2023,11,21,1,11,108
2023,11,21,1,10,112
2023,11,21,1,9,106
2023,11,21,1,8,93
2023,11,21,1,7,80
2023,11,21,1,6,67
2023,11,21,1,5,61
2023,11,21,1,4,60
2023,11,21,1,3,59
2023,11,21,1,2,58
2023,11,21,1,1,58
2023,11,21,1,0,60
2023,11,20,0,23,64
2023,11,20,0,22,66
2023,11,20,0,21,65
2023,11,20,0,20,69
2023,11,20,0,19,72
2023,11,20,0,18,76
2023,11,20,0,17,85
2023,11,20,0,16,99
2023,11,20,0,15,102
2023,11,20,0,14,105
2023,11,20,0,13,104
2023,11,20,0,12,106
2023,11,20,0,11,108
2023,11,20,0,10,108
2023,11,20,0,9,108
2023,11,20,0,8,93
2023,11,20,0,7,84
2023,11,20,0,6,67
2023,11,20,0,5,66
2023,11,20,0,4,63
2023,11,20,0,3,62
2023,11,20,0,2,61
2023,11,20,0,1,60
2023,11,20,0,0,60
2023,11,19,6,23,66
2023,11,19,6,22,65
2023,11,19,6,21,66
2023,11,19,6,20,67
2023,11,19,6,19,68
2023,11,19,6,18,69
2023,11,19,6,17,66
2023,11,19,6,16,68
2023,11,19,6,15,69
2023,11,19,6,14,68
2023,11,19,6,13,68
2023,11,19,6,12,67
2023,11,19,6,11,68
2023,11,19,6,10,64
2023,11,19,6,9,65
2023,11,19,6,8,68
2023,11,19,6,7,68
2023,11,19,6,6,59
2023,11,19,6,5,57
2023,11,19,6,4,59
2023,11,19,6,3,59
2023,11,19,6,2,58
2023,11,19,6,1,59
2023,11,19,6,0,59
2023,11,18,5,23,65
2023,11,18,5,22,64
2023,11,18,5,21,66
2023,11,18,5,20,66
2023,11,18,5,19,65
2023,11,18,5,18,66
2023,11,18,5,17,67
2023,11,18,5,16,67
2023,11,18,5,15,68
2023,11,18,5,14,70
2023,11,18,5,13,68
2023,11,18,5,12,68
2023,11,18,5,11,65
2023,11,18,5,10,64
2023,11,18,5,9,64
2023,11,18,5,8,65
2023,11,18,5,7,67
2023,11,18,5,6,59
2023,11,18,5,5,58
2023,11,18,5,4,58
2023,11,18,5,3,59
2023,11,18,5,2,59
2023,11,18,5,1,59
2023,11,18,5,0,59
2023,11,17,4,23,66
2023,11,17,4,22,65
2023,11,17,4,21,68
2023,11,17,4,20,72
2023,11,17,4,19,72
2023,11,17,4,18,76
2023,11,17,4,17,85
2023,11,17,4,16,98
2023,11,17,4,15,102
2023,11,17,4,14,102
2023,11,17,4,13,104
2023,11,17,4,12,110
2023,11,17,4,11,113
2023,11,17,4,10,114
2023,11,17,4,9,113
2023,11,17,4,8,100
2023,11,17,4,7,88
2023,11,17,4,6,66
2023,11,17,4,5,61
2023,11,17,4,4,59
2023,11,17,4,3,59
2023,11,17,4,2,59
2023,11,17,4,1,59
2023,11,17,4,0,60
2023,11,16,3,23,65
2023,11,16,3,22,67
2023,11,16,3,21,67
2023,11,16,3,20,73
2023,11,16,3,19,74
2023,11,16,3,18,80
2023,11,16,3,17,66
2023,11,16,3,16,25
2023,11,16,3,15,100
2023,11,16,3,14,119
2023,11,16,3,13,121
2023,11,16,3,12,115
2023,11,16,3,11,117
2023,11,16,3,10,118
2023,11,16,3,9,112
2023,11,16,3,8,92
2023,11,16,3,7,81
2023,11,16,3,6,67
2023,11,16,3,5,59
2023,11,16,3,4,59
2023,11,16,3,3,59
2023,11,16,3,2,59
2023,11,16,3,1,61
2023,11,16,3,0,59
2023,11,15,2,23,67
2023,11,15,2,22,69
2023,11,15,2,21,67
2023,11,15,2,20,71
2023,11,15,2,19,75
2023,11,15,2,18,83
2023,11,15,2,17,89
2023,11,15,2,16,106
2023,11,15,2,15,112
2023,11,15,2,14,113
2023,11,15,2,13,106
2023,11,15,2,12,106
2023,11,15,2,11,113
2023,11,15,2,10,119
2023,11,15,2,9,115
2023,11,15,2,8,101
2023,11,15,2,7,81
2023,11,15,2,6,65
2023,11,15,2,5,59
2023,11,15,2,4,59
2023,11,15,2,3,60
2023,11,15,2,2,59
2023,11,15,2,1,60
2023,11,15,2,0,60
2023,11,14,1,23,67
2023,11,14,1,22,68
2023,11,14,1,21,69
2023,11,14,1,20,75
2023,11,14,1,19,78
2023,11,14,1,18,87
2023,11,14,1,17,96
2023,11,14,1,16,108
2023,11,14,1,15,113
2023,11,14,1,14,112
2023,11,14,1,13,111
2023,11,14,1,12,111
2023,11,14,1,11,114
2023,11,14,1,10,114
2023,11,14,1,9,115
2023,11,14,1,8,102
2023,11,14,1,7,83
2023,11,14,1,6,70
2023,11,14,1,5,63
2023,11,14,1,4,60
2023,11,14,1,3,60
2023,11,14,1,2,60
2023,11,14,1,1,58
2023,11,14,1,0,62
2023,11,13,0,23,71
2023,11,13,0,22,67
2023,11,13,0,21,67
2023,11,13,0,20,71
2023,11,13,0,19,77
2023,11,13,0,18,82
2023,11,13,0,17,94
2023,11,13,0,16,106
2023,11,13,0,15,107
2023,11,13,0,14,109
2023,11,13,0,13,114
2023,11,13,0,12,121
2023,11,13,0,11,121
2023,11,13,0,10,119
2023,11,13,0,9,115
2023,11,13,0,8,95
2023,11,13,0,7,79
2023,11,13,0,6,67
2023,11,13,0,5,65
2023,11,13,0,4,64
2023,11,13,0,3,62
2023,11,13,0,2,57
2023,11,13,0,1,60
2023,11,13,0,0,61
2023,11,12,6,23,66
2023,11,12,6,22,65
2023,11,12,6,21,63
2023,11,12,6,20,69
2023,11,12,6,19,69
2023,11,12,6,18,70
2023,11,12,6,17,68
2023,11,12,6,16,64
2023,11,12,6,15,62
2023,11,12,6,14,62
2023,11,12,6,13,63
2023,11,12,6,12,62
2023,11,12,6,11,62
2023,11,12,6,10,61
2023,11,12,6,9,62
2023,11,12,6,8,62
2023,11,12,6,7,66
2023,11,12,6,6,58
2023,11,12,6,5,57
2023,11,12,6,4,57
2023,11,12,6,3,57
2023,11,12,6,2,57
2023,11,12,6,1,56
2023,11,12,6,0,57
2023,11,11,5,23,64
2023,11,11,5,22,63
2023,11,11,5,21,63
2023,11,11,5,20,67
2023,11,11,5,19,65
2023,11,11,5,18,65
2023,11,11,5,17,63
2023,11,11,5,16,63
2023,11,11,5,15,62
2023,11,11,5,14,64
2023,11,11,5,13,63
2023,11,11,5,12,63
2023,11,11,5,11,63
2023,11,11,5,10,63
2023,11,11,5,9,63
2023,11,11,5,8,63
2023,11,11,5,7,65
2023,11,11,5,6,58
2023,11,11,5,5,58
2023,11,11,5,4,59
2023,11,11,5,3,58
2023,11,11,5,2,58
2023,11,11,5,1,58
2023,11,11,5,0,60
2023,11,10,4,23,64
2023,11,10,4,22,65
2023,11,10,4,21,65
2023,11,10,4,20,70
2023,11,10,4,19,67
2023,11,10,4,18,69
2023,11,10,4,17,70
2023,11,10,4,16,72
2023,11,10,4,15,79
2023,11,10,4,14,70
2023,11,10,4,13,40
2023,11,10,4,12,74
2023,11,10,4,11,41
2023,11,10,4,10,49
2023,11,10,4,9,75
2023,11,10,4,8,73
2023,11,10,4,7,74
2023,11,10,4,6,63
2023,11,10,4,5,61
2023,11,10,4,4,59
2023,11,10,4,3,59
2023,11,10,4,2,59
2023,11,10,4,1,57
2023,11,10,4,0,58
2023,11,9,3,23,63
2023,11,9,3,22,64
2023,11,9,3,21,64
2023,11,9,3,20,68
2023,11,9,3,19,70
2023,11,9,3,18,78
2023,11,9,3,17,92
2023,11,9,3,16,103
2023,11,9,3,15,104
2023,11,9,3,14,106
2023,11,9,3,13,107
2023,11,9,3,12,107
2023,11,9,3,11,109
2023,11,9,3,10,105
2023,11,9,3,9,101
2023,11,9,3,8,88
2023,11,9,3,7,81
2023,11,9,3,6,66
2023,11,9,3,5,61
2023,11,9,3,4,59
2023,11,9,3,3,59
2023,11,9,3,2,58
2023,11,9,3,1,56
2023,11,9,3,0,59
2023,11,8,2,23,65
2023,11,8,2,22,67
2023,11,8,2,21,71
2023,11,8,2,20,77
2023,11,8,2,19,78
2023,11,8,2,18,86
2023,11,8,2,17,97
2023,11,8,2,16,104
2023,11,8,2,15,110
2023,11,8,2,14,112
2023,11,8,2,13,112
2023,11,8,2,12,109
2023,11,8,2,11,110
2023,11,8,2,10,115
2023,11,8,2,9,113
2023,11,8,2,8,100
2023,11,8,2,7,87
2023,11,8,2,6,66
2023,11,8,2,5,62
2023,11,8,2,4,60
2023,11,8,2,3,59
2023,11,8,2,2,58
2023,11,8,2,1,57
2023,11,8,2,0,58
2023,11,7,1,23,65
2023,11,7,1,22,67
2023,11,7,1,21,66
2023,11,7,1,20,71
2023,11,7,1,19,72
2023,11,7,1,18,78
2023,11,7,1,17,87
2023,11,7,1,16,105
2023,11,7,1,15,105
2023,11,7,1,14,105
2023,11,7,1,13,107
2023,11,7,1,12,108
2023,11,7,1,11,108
2023,11,7,1,10,110
2023,11,7,1,9,104
2023,11,7,1,8,93
2023,11,7,1,7,80
2023,11,7,1,6,66
2023,11,7,1,5,64
2023,11,7,1,4,61
2023,11,7,1,3,61
2023,11,7,1,2,58
2023,11,7,1,1,57
2023,11,7,1,0,59
2023,11,6,0,23,64
2023,11,6,0,22,64
2023,11,6,0,21,64
2023,11,6,0,20,69
2023,11,6,0,19,72
2023,11,6,0,18,75
2023,11,6,0,17,83
2023,11,6,0,16,99
2023,11,6,0,15,102
2023,11,6,0,14,103
2023,11,6,0,13,101
2023,11,6,0,12,100
2023,11,6,0,11,101
2023,11,6,0,10,110
2023,11,6,0,9,101
2023,11,6,0,8,90
2023,11,6,0,7,78
2023,11,6,0,6,64
2023,11,6,0,5,62
2023,11,6,0,4,59
2023,11,6,0,3,57
2023,11,6,0,2,56
2023,11,6,0,1,56
2023,11,6,0,0,57
2023,11,5,6,23,63
2023,11,5,6,22,62
2023,11,5,6,21,62
2023,11,5,6,20,64
2023,11,5,6,19,66
2023,11,5,6,18,63
2023,11,5,6,17,63
2023,11,5,6,16,64
2023,11,5,6,15,63
2023,11,5,6,14,61
2023,11,5,6,13,62
2023,11,5,6,12,62
2023,11,5,6,11,63
2023,11,5,6,10,63
2023,11,5,6,9,63
2023,11,5,6,8,66
2023,11,5,6,7,66
2023,11,5,6,6,58
2023,11,5,6,5,57
2023,11,5,6,4,58
2023,11,5,6,3,57
2023,11,5,6,2,59
2023,11,5,6,1,58
2023,11,5,6,1,57
2023,11,5,6,0,57
2023,11,4,5,23,63
2023,11,4,5,22,63
2023,11,4,5,21,64
2023,11,4,5,20,66
2023,11,4,5,19,66
2023,11,4,5,18,63
2023,11,4,5,17,64
2023,11,4,5,16,64
2023,11,4,5,15,65
2023,11,4,5,14,65
2023,11,4,5,13,66
2023,11,4,5,12,64
2023,11,4,5,11,63
2023,11,4,5,10,63
2023,11,4,5,9,64
2023,11,4,5,8,68
2023,11,4,5,7,68
2023,11,4,5,6,57
2023,11,4,5,5,58
2023,11,4,5,4,57
2023,11,4,5,3,57
2023,11,4,5,2,57
2023,11,4,5,1,57
2023,11,4,5,0,57
2023,11,3,4,23,64
2023,11,3,4,22,66
2023,11,3,4,21,65
2023,11,3,4,20,68
2023,11,3,4,19,70
2023,11,3,4,18,71
2023,11,3,4,17,79
2023,11,3,4,16,93
2023,11,3,4,15,104
2023,11,3,4,14,109
2023,11,3,4,13,107
2023,11,3,4,12,104
2023,11,3,4,11,102
2023,11,3,4,10,102
2023,11,3,4,9,99
2023,11,3,4,8,93
2023,11,3,4,7,79
2023,11,3,4,6,64
2023,11,3,4,5,61
2023,11,3,4,4,59
2023,11,3,4,3,59
2023,11,3,4,2,59
2023,11,3,4,1,63
2023,11,3,4,0,66
2023,11,2,3,23,73
2023,11,2,3,22,75
2023,11,2,3,21,69
2023,11,2,3,20,73
2023,11,2,3,19,74
2023,11,2,3,18,73
2023,11,2,3,17,87
2023,11,2,3,16,99
2023,11,2,3,15,106
2023,11,2,3,14,107
2023,11,2,3,13,108
2023,11,2,3,12,109
2023,11,2,3,11,106
2023,11,2,3,10,108
2023,11,2,3,9,113
2023,11,2,3,8,107
2023,11,2,3,7,89
2023,11,2,3,6,69
2023,11,2,3,5,66
2023,11,2,3,4,66
2023,11,2,3,3,64
2023,11,2,3,2,61
2023,11,2,3,1,61
2023,11,2,3,0,62
2023,11,1,2,23,67
2023,11,1,2,22,48
2023,11,1,2,21,59
2023,11,1,2,20,21
2023,11,1,2,19,29
2023,11,1,2,18,32
2023,11,1,2,17,65
2023,11,1,2,16,110
2023,11,1,2,15,108
2023,11,1,2,14,106
2023,11,1,2,13,108
2023,11,1,2,12,107
2023,11,1,2,11,108
2023,11,1,2,10,109
2023,11,1,2,9,109
2023,11,1,2,8,97
2023,11,1,2,7,85
2023,11,1,2,6,69
2023,11,1,2,5,66
2023,11,1,2,4,66
2023,11,1,2,3,65
2023,11,1,2,2,60
2023,11,1,2,1,60
2023,11,1,2,0,62
2023,10,31,1,23,69
2023,10,31,1,22,70
2023,10,31,1,21,72
2023,10,31,1,20,75
2023,10,31,1,19,79
2023,10,31,1,18,78
2023,10,31,1,17,88
2023,10,31,1,16,101
2023,10,31,1,15,109
2023,10,31,1,14,111
2023,10,31,1,13,114
2023,10,31,1,12,114
2023,10,31,1,11,117
2023,10,31,1,10,113
2023,10,31,1,9,108
2023,10,31,1,8,101
2023,10,31,1,7,84
2023,10,31,1,6,70
2023,10,31,1,5,64
2023,10,31,1,4,62
2023,10,31,1,3,62
2023,10,31,1,2,61
2023,10,31,1,1,62
2023,10,31,1,0,61
2023,10,30,0,23,69
2023,10,30,0,22,67
2023,10,30,0,21,66
2023,10,30,0,20,72
2023,10,30,0,19,77
2023,10,30,0,18,76
2023,10,30,0,17,87
2023,10,30,0,16,101
2023,10,30,0,15,104
2023,10,30,0,14,106
2023,10,30,0,13,110
2023,10,30,0,12,109
2023,10,30,0,11,110
2023,10,30,0,10,111
2023,10,30,0,9,110
2023,10,30,0,8,99
2023,10,30,0,7,80
2023,10,30,0,6,66
2023,10,30,0,5,64
2023,10,30,0,4,63
2023,10,30,0,3,62
2023,10,30,0,2,58
2023,10,30,0,1,59
2023,10,30,0,0,58
2023,10,29,6,23,64
2023,10,29,6,22,63
2023,10,29,6,21,64
2023,10,29,6,20,65
2023,10,29,6,19,67
2023,10,29,6,18,63
2023,10,29,6,17,63
2023,10,29,6,16,63
2023,10,29,6,15,62
2023,10,29,6,14,62
2023,10,29,6,13,62
2023,10,29,6,12,61
2023,10,29,6,11,63
2023,10,29,6,10,62
2023,10,29,6,9,63
2023,10,29,6,8,67
2023,10,29,6,7,68
2023,10,29,6,6,57
2023,10,29,6,5,58
2023,10,29,6,4,59
2023,10,29,6,3,58
2023,10,29,6,2,56
2023,10,29,6,1,56
2023,10,29,6,0,57
2023,10,28,5,23,62
2023,10,28,5,22,63
2023,10,28,5,21,63
2023,10,28,5,20,64
2023,10,28,5,19,65
2023,10,28,5,18,60
2023,10,28,5,17,61
2023,10,28,5,16,63
2023,10,28,5,15,62
2023,10,28,5,14,64
2023,10,28,5,13,62
2023,10,28,5,12,62
2023,10,28,5,11,63
2023,10,28,5,10,62
2023,10,28,5,9,62
2023,10,28,5,8,63
2023,10,28,5,7,62
2023,10,28,5,6,54
2023,10,28,5,5,55
2023,10,28,5,4,54
2023,10,28,5,3,55
2023,10,28,5,2,54
2023,10,28,5,1,55
2023,10,28,5,0,55
2023,10,27,4,23,62
2023,10,27,4,22,62
2023,10,27,4,21,62
2023,10,27,4,20,65
2023,10,27,4,19,68
2023,10,27,4,18,68
2023,10,27,4,17,79
2023,10,27,4,16,92
2023,10,27,4,15,97
2023,10,27,4,14,97
2023,10,27,4,13,100
2023,10,27,4,12,100
2023,10,27,4,11,100
2023,10,27,4,10,102
2023,10,27,4,9,98
2023,10,27,4,8,87
2023,10,27,4,7,74
2023,10,27,4,6,61
2023,10,27,4,5,56
2023,10,27,4,4,56
2023,10,27,4,3,54
2023,10,27,4,2,54
2023,10,27,4,1,55
2023,10,27,4,0,56
2023,10,26,3,23,65
2023,10,26,3,22,67
2023,10,26,3,21,67
2023,10,26,3,20,75
2023,10,26,3,19,45
2023,10,26,3,18,56
2023,10,26,3,17,87
2023,10,26,3,16,104
2023,10,26,3,15,109
2023,10,26,3,14,113
2023,10,26,3,13,111
2023,10,26,3,12,107
2023,10,26,3,11,107
2023,10,26,3,10,106
2023,10,26,3,9,103
2023,10,26,3,8,92
2023,10,26,3,7,79
2023,10,26,3,6,64
2023,10,26,3,5,58
2023,10,26,3,4,62
2023,10,26,3,3,65
2023,10,26,3,2,64
2023,10,26,3,1,63
2023,10,26,3,0,57
2023,10,25,2,23,65
2023,10,25,2,22,64
2023,10,25,2,21,66
2023,10,25,2,20,70
2023,10,25,2,19,71
2023,10,25,2,18,76
2023,10,25,2,17,89
2023,10,25,2,16,106
2023,10,25,2,15,111
2023,10,25,2,14,110
2023,10,25,2,13,110
2023,10,25,2,12,109
2023,10,25,2,11,109
2023,10,25,2,10,111
2023,10,25,2,9,108
2023,10,25,2,8,92
2023,10,25,2,7,79
2023,10,25,2,6,65
2023,10,25,2,5,59
2023,10,25,2,4,58
2023,10,25,2,3,61
2023,10,25,2,2,59
2023,10,25,2,1,58
2023,10,25,2,0,59
2023,10,24,1,23,66
2023,10,24,1,22,69
2023,10,24,1,21,69
2023,10,24,1,20,80
2023,10,24,1,19,84
2023,10,24,1,18,87
2023,10,24,1,17,104
2023,10,24,1,16,113
2023,10,24,1,15,118
2023,10,24,1,14,120
2023,10,24,1,13,126
2023,10,24,1,12,118
2023,10,24,1,11,114
2023,10,24,1,10,118
2023,10,24,1,9,120
2023,10,24,1,8,101
2023,10,24,1,7,83
2023,10,24,1,6,67
2023,10,24,1,5,61
2023,10,24,1,4,60
2023,10,24,1,3,61
2023,10,24,1,2,60
2023,10,24,1,1,63
2023,10,24,1,0,60
2023,10,23,0,23,68
2023,10,23,0,22,71
2023,10,23,0,21,73
2023,10,23,0,20,86
2023,10,23,0,19,88
2023,10,23,0,18,87
2023,10,23,0,17,97
2023,10,23,0,16,116
2023,10,23,0,15,122
2023,10,23,0,14,111
2023,10,23,0,13,113
2023,10,23,0,12,120
2023,10,23,0,11,120
2023,10,23,0,10,112
2023,10,23,0,9,112
2023,10,23,0,8,72
2023,10,23,0,7,1
2023,10,23,0,6,49
2023,10,23,0,5,61
2023,10,23,0,4,61
2023,10,23,0,3,59
2023,10,23,0,2,58
2023,10,23,0,1,56
2023,10,23,0,0,56
2023,10,22,6,23,62
2023,10,22,6,22,61
2023,10,22,6,21,68
2023,10,22,6,20,71
2023,10,22,6,19,70
2023,10,22,6,18,64
2023,10,22,6,17,64
2023,10,22,6,16,63
2023,10,22,6,15,64
2023,10,22,6,14,63
2023,10,22,6,13,63
2023,10,22,6,12,64
2023,10,22,6,11,65
2023,10,22,6,10,64
2023,10,22,6,9,60
2023,10,22,6,8,62
2023,10,22,6,7,63
2023,10,22,6,6,54
2023,10,22,6,5,54
2023,10,22,6,4,53
2023,10,22,6,3,54
2023,10,22,6,2,56
2023,10,22,6,1,56
2023,10,22,6,0,55
2023,10,21,5,23,60
2023,10,21,5,22,60
2023,10,21,5,21,62
2023,10,21,5,20,63
2023,10,21,5,19,62
2023,10,21,5,18,62
2023,10,21,5,17,61
2023,10,21,5,16,62
2023,10,21,5,15,62
2023,10,21,5,14,62
2023,10,21,5,13,61
2023,10,21,5,12,60
2023,10,21,5,11,62
2023,10,21,5,10,61
2023,10,21,5,9,61
2023,10,21,5,8,63
2023,10,21,5,7,66
2023,10,21,5,6,56
2023,10,21,5,5,54
2023,10,21,5,4,54
2023,10,21,5,3,55
2023,10,21,5,2,57
2023,10,21,5,1,56
2023,10,21,5,0,56
2023,10,20,4,23,62
2023,10,20,4,22,65
2023,10,20,4,21,71
2023,10,20,4,20,69
2023,10,20,4,19,68
2023,10,20,4,18,71
2023,10,20,4,17,83
2023,10,20,4,16,99
2023,10,20,4,15,104
2023,10,20,4,14,116
2023,10,20,4,13,114
2023,10,20,4,12,112
2023,10,20,4,11,108
2023,10,20,4,10,106
2023,10,20,4,9,103
2023,10,20,4,8,93
2023,10,20,4,7,78
2023,10,20,4,6,61
2023,10,20,4,5,56
2023,10,20,4,4,57
2023,10,20,4,3,57
2023,10,20,4,2,57
2023,10,20,4,1,57
2023,10,20,4,0,58
2023,10,19,3,23,65
2023,10,19,3,22,65
2023,10,19,3,21,65
2023,10,19,3,20,69
2023,10,19,3,19,68
2023,10,19,3,18,74
2023,10,19,3,17,88
2023,10,19,3,16,99
2023,10,19,3,15,105
2023,10,19,3,14,104
2023,10,19,3,13,105
2023,10,19,3,12,105
2023,10,19,3,11,103
2023,10,19,3,10,107
2023,10,19,3,9,105
2023,10,19,3,8,97
2023,10,19,3,7,83
2023,10,19,3,6,64
2023,10,19,3,5,58
2023,10,19,3,4,57
2023,10,19,3,3,59
2023,10,19,3,2,57
2023,10,19,3,1,58
2023,10,19,3,0,59
2023,10,18,2,23,65
2023,10,18,2,22,67
2023,10,18,2,21,68
2023,10,18,2,20,75
2023,10,18,2,19,74
2023,10,18,2,18,81
2023,10,18,2,17,94
2023,10,18,2,16,107
2023,10,18,2,15,108
2023,10,18,2,14,109
2023,10,18,2,13,107
2023,10,18,2,12,108
2023,10,18,2,11,113
2023,10,18,2,10,110
2023,10,18,2,9,106
2023,10,18,2,8,92
2023,10,18,2,7,81
2023,10,18,2,6,65
2023,10,18,2,5,59
2023,10,18,2,4,57
2023,10,18,2,3,57
2023,10,18,2,2,58
2023,10,18,2,1,65
2023,10,18,2,0,65
2023,10,17,1,23,66
2023,10,17,1,22,68
2023,10,17,1,21,70
2023,10,17,1,20,81
2023,10,17,1,19,78
2023,10,17,1,18,82
2023,10,17,1,17,96
2023,10,17,1,16,114
2023,10,17,1,15,117
2023,10,17,1,14,115
2023,10,17,1,13,114
2023,10,17,1,12,107
2023,10,17,1,11,109
2023,10,17,1,10,116
2023,10,17,1,9,117
2023,10,17,1,8,102
2023,10,17,1,7,86
2023,10,17,1,6,63
2023,10,17,1,5,59
2023,10,17,1,4,58
2023,10,17,1,3,58
2023,10,17,1,2,56
2023,10,17,1,1,57
2023,10,17,1,0,58
2023,10,16,0,23,69
2023,10,16,0,22,73
2023,10,16,0,21,76
2023,10,16,0,20,73
2023,10,16,0,19,75
2023,10,16,0,18,76
2023,10,16,0,17,94
2023,10,16,0,16,107
2023,10,16,0,15,109
2023,10,16,0,14,110
2023,10,16,0,13,111
2023,10,16,0,12,111
2023,10,16,0,11,112
2023,10,16,0,10,110
2023,10,16,0,9,107
2023,10,16,0,8,93
2023,10,16,0,7,78
2023,10,16,0,6,64
2023,10,16,0,5,61
2023,10,16,0,4,57
2023,10,16,0,3,56
2023,10,16,0,2,55
2023,10,16,0,1,56
2023,10,16,0,0,56
2023,10,15,6,23,60
2023,10,15,6,22,60
2023,10,15,6,21,60
2023,10,15,6,20,63
2023,10,15,6,19,62
2023,10,15,6,18,62
2023,10,15,6,17,63
2023,10,15,6,16,63
2023,10,15,6,15,63
2023,10,15,6,14,15
2023,10,15,6,13,0
2023,10,15,6,12,0
2023,10,15,6,11,0
2023,10,15,6,10,0
2023,10,15,6,9,0
2023,10,15,6,8,0
2023,10,15,6,7,0
2023,10,15,6,6,0
2023,10,15,6,5,0
2023,10,15,6,4,0
2023,10,15,6,3,0
2023,10,15,6,2,0
2023,10,15,6,1,0
2023,10,15,6,0,0
