Temp Current,Temp Hourly,Temp Hourly.1,Temp Hourly.2,Temp Hourly.3,Temp Hourly.4,Temp Hourly.5,Temp Hourly.6,Temp Hourly.7,Temp Hourly.8,Temp Hourly.9,Temp Hourly.10,Temp Hourly.11,Clouds Current,Clouds Hourly,Clouds Hourly.1,Clouds Hourly.2,Clouds Hourly.3,Clouds Hourly.4,Clouds Hourly.5,Clouds Hourly.6,Clouds Hourly.7,Clouds Hourly.8,Clouds Hourly.9,Clouds Hourly.10,Clouds Hourly.11,UVI Current,UVI Hourly,UVI Hourly.1,UVI Hourly.2,UVI Hourly.3,UVI Hourly.4,UVI Hourly.5,UVI Hourly.6,UVI Hourly.7,UVI Hourly.8,UVI Hourly.9,UVI Hourly.10,UVI Hourly.11,POP Current,POP Hourly,POP Hourly.1,POP Hourly.2,POP Hourly.3,POP Hourly.4,POP Hourly.5,POP Hourly.6,POP Hourly.7,POP Hourly.8,POP Hourly.9,POP Hourly.10,POP Hourly.11,Label
22.62,22.62,20.73,18.48,18.23,19.27,20.1,20.98,21.4,21.85,22.08,21.58,19.49,100,100,99,100,99,99,99,100,100,100,100,100,100,0.0,0.0,0.0,0.0,0.24,0.53,0.79,0.91,0.8,0.55,0.27,0.0,0.0,0.003,0.0,0.0,0.0,0.0,0.0,0.0,0.0,0.0,0.0,0.0,0.0,0.0,False
17.04,17.04,16.92,17.04,17.91,20.08,23.09,24.67,26.58,28.11,29.91,31.05,31.78,100,100,95,94,94,93,93,94,100,100,100,100,100,0.0,0.0,0.0,0.0,0.29,0.44,0.65,0.75,0.45,0.31,0.16,0.0,0.0,0.0,0.0,0.0,0.0,0.0,0.0,0.0,0.072,0.086,0.081,0.077,0.056999999999999995,0.056999999999999995,False
26.42,26.42,26.44,26.67,27.63,29.66,32.43,33.62,34.3,34.75,34.95,34.66,33.4,0,0,3,22,41,61,76,76,77,82,88,87,89,0.0,0.0,0.0,0.18,0.53,1.04,1.5,1.69,1.55,1.11,0.61,0.21,0.0,0.0,0.0,0.0,0.0,0.0,0.0,0.0,0.0,0.0,0.0,0.0,0.0,0.0,True
31.17,31.17,30.69,29.46,29.77,30.67,32.27,32.25,31.93,32.47,32.77,32.9,33.03,100,100,100,98,80,62,46,46,79,89,93,95,96,0.0,0.0,0.0,0.18,0.54,1.03,1.46,1.65,1.3,0.94,0.52,0.14,0.0,0.0,0.0,0.0,0.0,0.0,0.0,0.0,0.0,0.0,0.0,0.0,0.0,0.0,True
30.81,30.81,29.53,27.84,27.37,28.0,29.21,30.69,31.62,32.22,32.38,32.09,31.17,0,0,2,7,12,14,16,15,12,22,29,34,38,0.0,0.0,0.0,0.21,0.62,1.22,1.74,1.96,1.79,1.29,0.71,0.25,0.0,0.0,0.0,0.0,0.0,0.0,0.0,0.0,0.0,0.0,0.0,0.0,0.0,0.0,True
34.81,34.81,34.56,34.63,35.01,35.49,35.47,35.24,35.62,35.01,34.99,34.77,34.93,40,40,52,64,75,88,100,100,100,100,100,100,100,0.0,0.0,0.0,0.18,0.53,0.34,0.48,0.54,0.73,0.53,0.3,0.08,0.0,0.0,0.0,0.0,0.0,0.0,0.013000000000000001,0.034999999999999996,0.039,0.044,0.065,0.1,0.1,0.1,False
35.08,35.08,34.7,31.41,27.86,24.28,20.82,20.37,20.05,20.71,20.86,20.41,19.65,100,100,100,100,100,100,100,100,100,100,100,100,100,0.0,0.0,0.0,0.09,0.25,0.73,1.04,1.16,0.98,0.71,0.4,0.23,0.0,0.1,0.1,0.1,0.1,0.099,0.095,0.094,0.087,0.079,0.078,0.071,0.056999999999999995,0.05600000000000001,False
12.27,12.27,11.39,11.01,11.98,12.51,13.06,13.5,14.14,14.27,14.27,14.36,12.67,0,0,14,32,52,72,92,93,100,100,100,99,98,0.0,0.0,0.0,0.18,0.53,0.94,1.32,1.48,1.32,0.96,0.55,0.21,0.0,0.0,0.0,0.0,0.0,0.0,0.0,0.0,0.0,0.0,0.0,0.0,0.0,0.0,True
1.15,1.15,1.02,1.62,4.08,7.88,13.03,16.18,19.26,20.97,21.87,22.35,22.5,0,0,16,33,46,56,60,67,100,92,95,93,94,0.0,0.0,0.0,0.23,0.67,1.25,1.75,1.97,1.62,1.19,0.67,0.27,0.0,0.0,0.0,0.0,0.0,0.0,0.0,0.0,0.0,0.0,0.0,0.0,0.0,0.0,True
24.57,24.57,24.08,24.46,25.88,27.97,30.52,31.77,32.16,32.49,32.67,31.78,29.16,75,75,75,76,79,78,82,84,100,65,53,47,43,0.0,0.0,0.0,0.23,0.68,1.22,1.72,1.93,1.53,1.13,0.64,0.22,0.0,0.0,0.0,0.0,0.0,0.0,0.0,0.0,0.0,0.0,0.0,0.0,0.0,0.0,True
24.44,24.44,24.39,24.44,25.43,27.66,30.97,31.35,30.47,30.02,29.3,27.75,25.27,40,40,52,64,76,88,100,99,100,97,94,91,93,0.0,0.0,0.0,0.16,0.45,0.94,1.31,1.48,0.99,0.73,0.42,0.21,0.0,0.0,0.0,0.0,0.0,0.0,0.0,0.0,0.003,0.003,0.0,0.0,0.0,0.0,False
13.86,13.86,13.55,13.93,14.95,16.9,19.56,20.35,21.61,22.98,24.22,25.41,26.4,75,75,80,85,90,95,100,100,100,100,100,100,100,0.0,0.0,0.0,0.14,0.4,0.89,1.25,1.41,0.88,0.65,0.37,0.16,0.0,0.0,0.028999999999999998,0.01,0.023,0.025,0.026000000000000002,0.048,0.1,0.1,0.1,0.1,0.1,0.1,False
12.83,12.83,12.56,11.98,12.04,12.09,12.25,12.47,13.26,13.6,13.84,13.77,13.26,99,99,98,94,92,92,92,93,100,100,100,100,100,0.0,0.0,0.0,0.24,0.66,1.17,1.63,1.84,1.73,1.28,0.72,0.28,0.0,0.065,0.012,0.012,0.003,0.003,0.003,0.003,0.0,0.0,0.0,0.0,0.0,0.0,False
13.98,13.98,13.86,13.75,14.07,14.76,15.55,16.29,16.43,15.57,15.33,15.24,15.33,100,100,100,100,100,99,100,100,100,100,100,100,100,0.0,0.0,0.0,0.26,0.71,1.49,2.09,2.36,1.9,1.4,0.78,0.32,0.0,0.036,0.014000000000000002,0.014000000000000002,0.01,0.006,0.006,0.006,0.01,0.020999999999999998,0.020999999999999998,0.014000000000000002,0.014000000000000002,0.018,False
5.58,5.58,4.59,4.41,5.68,7.03,8.6,9.59,10.67,11.3,11.86,11.59,9.73,89,89,86,83,83,81,81,84,97,95,93,91,90,0.0,0.0,0.0,0.27,0.7,1.31,1.82,2.04,1.88,1.4,0.81,0.36,0.0,0.0,0.0,0.0,0.0,0.0,0.0,0.0,0.0,0.0,0.0,0.0,0.0,0.0,True
5.18,5.18,4.24,4.05,5.68,9.03,13.51,17.31,21.45,23.94,25.03,24.8,24.06,96,96,93,90,84,81,76,78,95,97,98,99,99,0.0,0.0,0.0,0.23,0.57,1.27,1.75,1.96,1.7,1.27,0.73,0.25,0.0,0.078,0.005,0.001,0.001,0.001,0.0,0.0,0.0,0.0,0.0,0.0,0.0,0.0,False
5.13,5.13,4.55,4.66,6.85,9.73,13.21,15.12,16.79,17.94,18.23,17.01,15.03,0,0,20,30,35,37,46,41,7,16,22,25,28,0.0,0.0,0.0,0.34,0.89,1.91,2.67,2.98,2.42,1.8,1.03,0.48,0.0,0.0,0.0,0.0,0.0,0.0,0.0,0.0,0.0,0.0,0.0,0.0,0.0,0.0,True
26.92,26.92,26.65,26.85,27.28,27.5,27.12,27.45,28.24,29.03,29.3,29.75,29.53,100,100,100,100,100,100,100,100,100,100,100,100,100,0.0,0.0,0.0,0.07,0.2,0.32,0.45,0.5,0.53,0.4,0.23,0.17,0.0,0.0,0.008,0.01,0.028000000000000004,0.047,0.068,0.073,0.094,0.099,0.1,0.1,0.1,0.1,False
18.68,18.68,18.68,19.06,21.06,23.85,27.41,29.46,30.56,31.24,31.75,31.48,28.09,75,75,62,49,36,23,10,9,3,5,5,6,10,0.0,0.0,0.0,0.38,0.95,1.67,2.29,2.54,2.07,1.54,0.91,0.43,0.0,0.0,0.0,0.0,0.0,0.0,0.0,0.0,0.0,0.0,0.0,0.0,0.0,0.0,False
26.92,26.92,26.64,26.58,26.55,25.65,25.11,24.49,24.55,24.49,24.33,23.59,22.51,100,100,100,100,100,100,100,100,100,100,100,100,100,0.0,0.0,0.0,0.15,0.38,0.85,1.16,1.28,1.21,0.91,0.54,0.29,0.0,0.0,0.024,0.022,0.032,0.064,0.092,0.1,0.1,0.1,0.1,0.1,0.1,0.1,False
13.62,13.62,12.88,13.68,15.96,19.02,21.79,22.84,24.08,25.09,25.5,25.29,24.28,84,84,84,86,88,91,94,95,100,100,100,100,100,0.0,0.0,0.0,0.31,0.77,1.55,2.11,2.34,1.68,1.27,0.76,0.35,0.08,0.0,0.0,0.0,0.0,0.0,0.0,0.0,0.0,0.0,0.0,0.0,0.0,0.0,True
18.52,18.52,17.33,17.82,20.43,25.54,30.76,32.05,32.45,32.61,32.61,32.94,33.22,100,100,95,92,88,85,82,80,65,75,81,85,88,0.0,0.0,0.0,0.37,0.92,1.57,2.15,2.39,1.92,1.44,0.86,0.29,0.07,0.0,0.0,0.0,0.0,0.0,0.0,0.0,0.0,0.0,0.0,0.0,0.0,0.0,True
18.34,18.34,18.48,19.63,22.91,26.65,29.59,30.25,30.9,31.44,31.82,32.04,32.04,0,0,8,22,38,58,78,82,100,100,100,100,100,0.0,0.0,0.0,0.24,0.6,1.07,1.46,1.63,1.43,1.08,0.64,0.27,0.07,0.0,0.0,0.0,0.0,0.0,0.0,0.0,0.0,0.0,0.0,0.0,0.0,0.0,True
14.04,14.04,13.78,15.78,19.38,24.37,29.48,30.63,31.17,31.53,31.53,31.59,30.76,75,75,71,76,73,78,82,85,100,100,100,100,100,0.0,0.0,0.0,0.37,0.92,1.57,2.14,2.39,1.87,1.42,0.84,0.39,0.1,0.0,0.0,0.0,0.0,0.0,0.0,0.0,0.0,0.0,0.0,0.0,0.0,0.0,True
31.17,31.17,31.08,31.33,31.62,31.78,31.95,32.13,31.82,32.16,32.38,32.09,31.91,100,100,100,100,100,100,100,100,100,100,100,100,100,0.0,0.0,0.05,0.25,0.61,1.04,1.41,1.57,1.82,1.38,0.83,0.49,0.13,0.024,0.022,0.03,0.039,0.047,0.05600000000000001,0.056999999999999995,0.053000000000000005,0.049,0.049,0.048,0.047,0.043,False
21.09,21.09,21.96,23.07,24.64,26.73,28.63,28.98,29.3,29.61,29.84,30.04,29.84,54,54,61,67,73,80,87,88,92,94,96,97,97,0.0,0.0,0.08,0.36,0.88,1.46,1.97,2.2,2.02,1.54,0.92,0.34,0.09,0.0,0.0,0.0,0.0,0.0,0.0,0.0,0.0,0.0,0.0,0.0,0.0,0.0,True
26.91,26.91,26.22,26.26,26.98,28.02,29.8,30.78,31.37,31.93,32.41,32.63,32.47,100,100,99,99,99,99,99,99,100,100,100,100,100,0.0,0.0,0.08,0.35,0.83,1.21,1.64,1.82,1.78,1.36,0.82,0.4,0.11,0.003,0.0,0.0,0.0,0.0,0.0,0.0,0.0,0.0,0.0,0.0,0.0,0.002,True
28.02,28.02,27.75,28.04,28.69,29.41,29.91,30.04,30.6,30.65,29.8,29.01,28.04,100,100,100,100,100,100,100,100,100,100,100,100,100,0.0,0.0,0.09,0.39,0.91,1.57,2.11,2.35,1.99,1.52,0.91,0.34,0.09,0.04,0.019,0.015,0.015,0.011,0.01,0.01,0.008,0.012,0.026000000000000002,0.052000000000000005,0.056999999999999995,0.065,True
25.75,25.75,25.66,25.5,25.41,25.41,25.56,25.59,25.47,25.23,24.78,24.49,23.81,100,100,100,100,100,100,100,100,100,100,100,100,100,0.0,0.0,0.07,0.28,0.65,1.23,1.65,1.82,1.91,1.46,0.89,0.45,0.12,0.1,0.097,0.097,0.095,0.094,0.094,0.094,0.03,0.026000000000000002,0.025,0.014000000000000002,0.008,0.008,False
26.22,26.22,24.73,24.39,24.64,25.21,25.77,26.78,27.25,27.37,27.52,27.28,26.56,100,100,100,100,99,99,99,100,100,100,100,100,100,0.0,0.0,0.11,0.42,0.97,1.22,1.64,1.81,1.85,1.41,0.86,0.31,0.09,0.018,0.011,0.012,0.011,0.011,0.011,0.007000000000000001,0.003,0.016,0.03,0.045,0.066,0.089,False
25.32,25.32,25.34,25.5,25.97,26.8,28.0,28.81,29.32,29.39,28.78,27.63,26.55,100,100,100,100,100,100,100,100,100,100,100,100,100,0.0,0.0,0.0,0.07,0.26,0.6,1.04,1.4,1.55,1.6,1.22,0.75,0.34,0.1,0.093,0.094,0.097,0.1,0.1,0.1,0.1,0.098,0.098,0.1,0.1,0.1,False
22.15,22.15,21.78,21.25,21.06,21.09,20.86,20.79,20.8,21.13,20.91,20.61,19.98,100,100,100,100,99,99,100,100,100,99,97,93,81,0.0,0.0,0.0,0.11,0.42,0.95,1.68,2.25,2.48,2.6,2.0,1.24,0.59,0.051000000000000004,0.046,0.028999999999999998,0.024,0.024,0.024,0.020999999999999998,0.020999999999999998,0.001,0.0,0.0,0.0,0.0,False
-1.5,-1.5,-0.58,0.59,5.49,11.8,19.26,22.69,25.77,28.4,30.09,31.05,31.46,0,0,12,19,28,34,40,43,41,44,58,61,56,0.0,0.0,0.0,0.15,0.57,1.28,2.16,2.89,3.18,2.85,2.19,1.35,0.64,0.0,0.0,0.0,0.0,0.0,0.0,0.0,0.0,0.0,0.0,0.0,0.0,0.0,True
25.52,25.52,25.38,25.41,26.47,29.12,31.73,32.63,33.08,33.26,33.49,33.57,33.55,0,0,12,40,60,80,100,100,100,100,100,100,100,0.0,0.0,0.0,0.14,0.52,1.17,1.78,2.38,2.63,1.62,1.25,0.77,0.24,0.0,0.0,0.0,0.0,0.0,0.0,0.0,0.0,0.0,0.0,0.0,0.0,0.0,True
35.62,35.62,35.08,34.5,33.84,33.1,32.14,31.84,31.68,31.69,31.8,31.93,32.09,100,100,100,100,100,100,100,100,100,100,100,100,100,0.0,0.0,0.0,0.02,0.08,0.19,0.46,0.61,0.68,0.81,0.62,0.39,0.21,0.081,0.081,0.072,0.06899999999999999,0.073,0.098,0.1,0.1,0.1,0.1,0.1,0.1,0.1,False
21.34,21.34,20.7,19.49,18.16,17.11,16.95,17.82,18.5,19.54,19.17,18.41,17.51,100,100,100,100,99,98,97,98,98,100,100,100,100,0.0,0.0,0.0,0.13,0.44,0.97,1.54,2.04,2.25,1.87,1.45,0.92,0.42,0.08299999999999999,0.08,0.056999999999999995,0.049,0.045,0.045,0.046,0.046,0.08399999999999999,0.08399999999999999,0.08399999999999999,0.08399999999999999,0.08399999999999999,False
13.19,13.19,13.24,13.33,13.71,14.63,16.38,17.58,18.59,20.35,21.43,22.21,22.24,100,100,100,100,100,100,100,100,100,100,100,100,100,0.0,0.0,0.0,0.11,0.4,0.87,1.79,2.37,2.61,2.81,2.17,1.37,0.64,0.073,0.073,0.061,0.064,0.061,0.056999999999999995,0.046,0.046,0.008,0.008,0.005,0.005,0.005,False
15.44,15.44,14.52,13.33,13.69,15.84,20.17,23.94,26.8,28.99,30.42,31.35,31.78,66,66,64,43,32,20,9,23,28,89,94,93,78,0.0,0.0,0.0,0.17,0.57,1.24,1.94,2.56,2.82,2.83,2.2,1.39,0.67,0.0,0.0,0.0,0.0,0.0,0.0,0.0,0.0,0.0,0.0,0.0,0.0,0.0,False
23.86,23.86,24.01,24.19,24.66,25.07,25.56,25.29,25.16,24.96,24.33,24.08,23.97,75,75,78,85,90,95,100,100,100,100,100,100,100,0.0,0.0,0.0,0.17,0.59,1.28,1.81,2.4,2.64,2.33,1.82,1.15,0.65,0.006,0.003,0.008,0.008,0.008,0.008,0.008,0.008,0.0,0.0,0.0,0.0,0.0,True
19.99,19.99,19.63,19.87,20.79,22.33,24.19,25.66,26.94,28.2,29.12,29.82,29.57,75,75,80,85,90,95,100,100,100,100,100,100,100,0.0,0.0,0.0,0.17,0.56,1.23,1.89,2.5,2.75,2.29,1.79,1.14,0.51,0.001,0.001,0.001,0.002,0.002,0.002,0.002,0.002,0.0,0.014000000000000002,0.016,0.019,0.028999999999999998,True
31.17,31.17,31.69,32.4,33.12,33.82,34.52,34.38,33.98,33.89,33.98,33.94,33.93,100,100,100,100,100,100,100,100,100,70,60,70,68,0.0,0.0,0.0,0.04,0.13,0.27,1.07,1.41,1.55,3.05,2.38,1.51,0.67,0.1,0.1,0.092,0.08199999999999999,0.093,0.1,0.095,0.091,0.0,0.0,0.0,0.0,0.0,False
26.42,26.42,24.98,24.31,25.14,26.33,27.39,27.81,28.49,29.39,30.25,31.03,31.42,75,75,75,83,88,90,90,80,74,41,44,44,46,0.0,0.0,0.0,0.2,0.65,1.38,2.33,3.06,3.36,3.23,2.52,1.6,0.8,0.0,0.0,0.0,0.0,0.0,0.0,0.0,0.0,0.0,0.0,0.0,0.0,0.0,True
14.74,14.74,14.81,16.02,19.49,23.77,28.53,30.15,31.06,31.78,32.38,32.23,32.22,100,100,90,86,77,65,45,39,39,39,48,45,47,0.0,0.0,0.0,0.22,0.71,1.5,2.5,3.28,3.6,3.27,2.56,1.63,0.79,0.0,0.0,0.0,0.0,0.0,0.0,0.0,0.0,0.0,0.0,0.0,0.0,0.0,True
24.17,24.17,24.62,26.31,28.18,30.11,31.91,32.02,32.02,32.29,32.65,33.06,33.42,0,0,15,40,60,80,100,100,100,100,100,99,98,0.0,0.0,0.0,0.18,0.56,1.18,1.85,2.42,2.65,2.77,2.18,1.4,0.79,0.0,0.0,0.0,0.0,0.0,0.0,0.0,0.0,0.038,0.028999999999999998,0.028999999999999998,0.03,0.025,True
30.02,30.02,29.32,28.81,29.57,30.2,30.42,30.47,30.72,31.17,31.42,31.8,32.27,100,100,96,80,66,64,60,57,52,57,59,64,63,0.0,0.0,0.0,0.24,0.74,1.52,2.48,3.23,3.54,3.28,2.58,1.67,0.83,0.0,0.0,0.006,0.003,0.003,0.003,0.003,0.0,0.0,0.0,0.0,0.0,0.0,True
25.97,25.97,24.71,24.35,25.99,27.73,29.14,29.75,30.24,30.85,31.46,31.86,32.05,0,0,5,36,49,70,90,90,90,78,81,87,90,0.0,0.0,0.0,0.23,0.69,1.42,2.23,2.9,3.17,3.07,2.42,1.57,0.68,0.0,0.0,0.0,0.0,0.0,0.0,0.0,0.0,0.0,0.002,0.002,0.001,0.0,True
21.0,21.0,20.19,19.58,19.51,19.94,21.2,22.68,24.17,25.05,24.85,25.54,26.33,40,40,44,64,76,85,92,93,94,100,100,100,100,0.0,0.0,0.0,0.23,0.67,1.36,2.11,2.72,2.98,2.32,1.84,1.21,0.59,0.007000000000000001,0.003,0.0,0.0,0.0,0.0,0.0,0.0,0.009,0.039,0.06,0.068,0.071,True
14.36,14.36,13.96,13.77,14.32,15.48,17.26,18.66,20.17,21.88,23.16,23.95,24.46,75,75,73,57,53,45,32,34,45,100,100,100,100,0.0,0.0,0.0,0.23,0.67,1.33,2.08,2.69,2.93,2.67,2.11,1.4,0.72,0.008,0.003,0.0,0.0,0.0,0.0,0.0,0.0,0.0,0.0,0.0,0.0,0.0,True
8.51,8.51,8.1,8.82,11.8,16.43,22.37,25.86,28.36,30.02,31.03,31.69,31.86,75,75,68,68,70,74,78,83,86,100,95,90,91,0.0,0.0,0.0,0.27,0.78,1.57,2.37,3.07,3.35,3.13,2.48,1.63,0.67,0.0,0.0,0.0,0.0,0.0,0.0,0.0,0.0,0.0,0.0,0.0,0.0,0.0,True
31.17,31.17,31.19,31.26,31.57,31.71,31.95,32.13,32.29,32.16,31.66,31.26,30.7,100,100,100,100,100,100,100,100,100,100,100,100,100,0.0,0.0,0.0,0.14,0.41,0.83,1.6,2.07,2.27,1.15,0.9,0.6,0.14,0.074,0.074,0.027000000000000003,0.013000000000000001,0.012,0.017,0.024,0.02,0.036,0.054000000000000006,0.056999999999999995,0.062,0.066,False
26.35,26.35,25.95,25.34,24.89,24.76,24.76,25.39,25.86,26.24,26.56,26.6,26.49,75,75,80,85,90,93,98,88,75,4,4,9,31,0.0,0.0,0.0,0.3,0.86,1.72,2.63,3.39,3.7,3.54,2.81,1.86,0.97,0.043,0.034999999999999996,0.018,0.014000000000000002,0.014000000000000002,0.011,0.003,0.0,0.0,0.0,0.0,0.0,0.0,True
18.46,18.46,18.46,20.19,23.63,28.33,31.82,32.97,34.34,35.06,35.22,35.29,35.22,0,0,19,40,60,80,100,100,100,100,100,100,100,0.0,0.0,0.0,0.19,0.55,1.09,1.18,1.53,1.67,1.29,1.03,0.68,0.21,0.0,0.0,0.0,0.005,0.037,0.065,0.092,0.077,0.011,0.008,0.008,0.005,0.01,True
32.65,32.65,31.6,31.17,31.68,32.47,33.17,34.12,34.65,34.57,33.03,31.12,29.66,100,100,85,95,89,88,87,86,86,100,100,100,100,0.0,0.0,0.0,0.32,0.89,1.76,2.75,3.54,3.87,2.19,1.74,1.15,0.48,0.0,0.0,0.0,0.0,0.0,0.0,0.0,0.0,0.003,0.032,0.022,0.034999999999999996,0.034999999999999996,True
28.98,28.98,28.58,28.26,28.13,28.0,27.43,27.7,28.0,28.13,27.86,27.7,27.81,100,100,100,100,100,100,100,100,100,100,100,100,100,0.0,0.0,0.0,0.17,0.49,0.97,1.66,2.14,2.34,1.36,1.08,0.71,0.17,0.028000000000000004,0.028000000000000004,0.04,0.032,0.028999999999999998,0.057999999999999996,0.075,0.08,0.057999999999999996,0.06999999999999999,0.08199999999999999,0.097,0.1,False
31.42,31.42,31.69,31.93,32.32,33.48,33.96,34.32,34.63,33.42,31.82,31.91,32.04,100,100,100,100,100,100,100,100,100,100,100,100,94,0.0,0.0,0.0,0.04,0.11,0.22,0.96,1.23,1.34,2.19,1.75,1.16,0.95,0.1,0.1,0.094,0.099,0.099,0.1,0.099,0.079,0.003,0.0,0.001,0.003,0.003,False
23.88,23.88,23.52,23.2,23.05,23.18,23.67,24.49,25.66,26.71,27.68,28.63,29.1,100,100,100,90,92,90,90,92,93,100,100,100,99,0.0,0.0,0.0,0.33,0.9,1.76,2.33,2.98,3.24,2.92,2.33,1.56,0.99,0.012,0.012,0.02,0.027000000000000003,0.022,0.027000000000000003,0.027000000000000003,0.027000000000000003,0.032,0.032,0.032,0.032,0.028000000000000004,True
16.72,16.72,16.32,17.94,20.35,23.11,25.84,26.78,27.77,28.63,29.41,29.95,30.33,40,40,40,45,43,38,31,31,34,81,59,69,77,0.0,0.0,0.0,0.35,0.94,1.83,2.8,3.57,3.89,3.68,2.95,1.97,1.03,0.0,0.0,0.0,0.0,0.0,0.0,0.0,0.0,0.0,0.0,0.0,0.0,0.0,True
27.01,27.01,27.77,29.08,30.49,32.04,33.62,34.0,34.3,34.5,34.63,34.74,35.24,0,0,13,33,38,38,43,45,46,60,62,67,74,0.0,0.0,0.0,0.35,0.96,1.87,3.1,3.96,4.31,4.16,3.33,2.22,1.0,0.0,0.0,0.0,0.0,0.0,0.0,0.0,0.0,0.0,0.0,0.0,0.0,0.0,True
30.85,30.85,31.75,33.51,35.28,37.6,40.82,42.48,44.04,45.41,44.28,42.94,43.38,0,0,17,40,60,80,100,100,100,100,100,100,100,0.0,0.0,0.0,0.34,0.93,1.82,2.55,3.26,3.55,2.43,1.95,1.3,0.39,0.0,0.0,0.0,0.0,0.0,0.0,0.0,0.0,0.009,0.045,0.075,0.075,0.072,True
38.82,38.82,38.39,38.28,38.52,38.97,40.26,42.13,43.63,44.89,46.04,46.67,47.28,40,40,51,62,74,86,99,92,87,100,100,100,100,0.0,0.0,0.06,0.25,0.67,1.3,3.07,3.91,4.26,3.88,3.11,2.08,1.22,0.0,0.0,0.0,0.0,0.0,0.0,0.0,0.0,0.0,0.0,0.0,0.0,0.0,True
44.38,44.38,43.77,43.21,43.02,43.61,44.96,46.35,47.28,47.8,48.49,48.15,47.61,40,40,52,64,76,88,100,100,100,100,100,100,100,0.0,0.0,0.08,0.42,1.13,2.18,3.49,4.44,4.84,4.62,3.7,2.48,1.48,0.0,0.0,0.0,0.0,0.0,0.0,0.0,0.0,0.0,0.0,0.0,0.0,0.0,True
53.19,53.19,51.93,50.56,50.09,50.54,51.6,53.31,54.54,55.44,55.62,55.35,54.59,0,0,7,10,16,21,25,25,25,25,27,27,27,0.0,0.0,0.09,0.46,1.23,2.38,4.07,5.2,5.65,5.48,4.39,2.95,1.64,0.0,0.0,0.0,0.0,0.0,0.0,0.0,0.0,0.0,0.0,0.0,0.0,0.0,True
37.67,37.67,38.17,38.23,38.19,38.21,38.34,38.39,38.64,38.48,37.89,37.33,37.17,100,100,100,100,100,100,100,100,100,100,100,100,100,0.0,0.0,0.05,0.28,0.76,1.45,1.5,1.9,2.08,2.08,1.67,1.12,0.66,0.004,0.013000000000000001,0.006,0.031,0.043,0.039,0.039,0.039,0.027000000000000003,0.001,0.0,0.0,0.0,True
34.59,34.59,34.72,34.93,35.37,36.39,37.53,37.89,38.68,38.89,38.57,37.96,37.13,40,40,52,64,76,88,100,100,100,100,100,100,100,0.0,0.0,0.06,0.31,0.82,1.57,2.84,3.61,3.93,3.78,3.04,2.06,1.16,0.016,0.016,0.0,0.0,0.0,0.0,0.0,0.0,0.0,0.0,0.0,0.0,0.024,True
39.06,39.06,39.31,39.74,39.72,39.67,40.57,41.31,41.31,40.35,40.14,39.78,39.22,75,75,80,85,90,95,100,100,100,100,100,100,100,0.0,0.0,0.07,0.2,0.5,0.95,0.78,0.99,1.08,0.97,0.78,0.53,0.21,0.05,0.06899999999999999,0.014000000000000002,0.013000000000000001,0.008,0.04,0.048,0.068,0.094,0.1,0.1,0.1,0.08,True
33.39,33.39,33.15,32.83,32.41,31.87,31.24,31.66,31.98,32.09,31.96,31.44,30.74,100,100,100,100,100,100,100,100,100,100,100,100,100,0.0,0.0,0.03,0.09,0.23,0.43,0.61,0.77,0.84,0.71,0.57,0.39,0.29,0.075,0.098,0.1,0.1,0.1,0.1,0.1,0.1,0.040999999999999995,0.045,0.08299999999999999,0.094,0.096,False
29.1,29.1,28.72,28.9,29.34,30.27,31.75,32.9,33.96,34.77,35.62,36.07,35.91,0,0,10,6,6,6,6,5,4,1,1,6,10,0.0,0.0,0.14,0.57,1.42,2.64,4.0,5.04,5.47,5.23,4.24,2.9,1.6,0.0,0.0,0.0,0.0,0.0,0.0,0.0,0.0,0.0,0.0,0.0,0.0,0.0,True
33.01,33.01,33.01,33.04,33.17,33.4,33.35,33.37,33.93,34.0,34.23,33.71,33.84,0,0,14,40,60,80,100,100,100,100,100,100,100,0.0,0.0,0.13,0.49,1.22,2.25,0.99,1.25,1.35,0.91,0.74,0.51,0.4,0.0,0.0,0.0,0.0,0.0,0.0,0.001,0.006,0.026000000000000002,0.026000000000000002,0.023,0.022,0.032,True
33.12,33.12,32.97,32.72,32.49,32.4,32.18,32.4,32.4,32.32,32.14,32.41,32.72,100,100,100,100,100,100,100,100,100,100,100,100,100,0.0,0.0,0.02,0.07,0.16,0.3,0.37,0.47,0.51,0.51,0.42,0.28,0.15,0.1,0.1,0.1,0.1,0.1,0.1,0.1,0.1,0.1,0.1,0.1,0.1,0.1,False
33.93,33.93,33.8,33.75,33.69,34.05,34.07,34.56,35.28,35.67,35.74,35.33,34.97,100,100,99,100,100,100,100,100,100,100,100,100,100,0.0,0.0,0.09,0.37,0.88,1.6,2.92,3.66,3.96,2.93,2.39,1.66,0.9,0.01,0.013000000000000001,0.034,0.051000000000000004,0.057999999999999996,0.067,0.076,0.08,0.06,0.064,0.064,0.06999999999999999,0.06999999999999999,True
31.95,31.95,31.73,31.98,32.09,31.21,31.23,30.99,31.23,31.66,32.27,32.54,32.86,100,100,100,98,98,98,98,99,99,100,100,100,100,0.0,0.0,0.07,0.44,1.04,1.88,2.78,3.48,3.76,3.56,2.91,2.01,1.27,0.049,0.054000000000000006,0.062,0.077,0.075,0.089,0.091,0.091,0.091,0.091,0.086,0.086,0.078,False
28.42,28.42,27.95,28.18,28.76,29.68,30.88,31.77,32.63,33.26,33.69,33.96,34.25,40,40,38,41,39,40,40,44,48,65,66,70,66,0.0,0.0,0.16,0.59,1.38,2.5,3.66,4.57,4.95,4.54,3.7,2.57,1.47,0.003,0.003,0.003,0.003,0.003,0.003,0.0,0.0,0.012,0.012,0.012,0.012,0.009,True
31.23,31.23,30.67,30.79,31.48,32.16,32.88,33.21,33.76,33.98,33.98,33.8,33.55,100,100,94,90,84,74,72,74,71,47,38,31,27,0.0,0.0,0.14,0.51,1.21,2.17,2.9,3.62,3.91,3.73,3.04,2.11,1.31,0.004,0.004,0.01,0.01,0.01,0.013000000000000001,0.02,0.020999999999999998,0.024,0.020999999999999998,0.018,0.015,0.011,True
29.39,29.39,29.48,30.36,31.51,32.68,33.85,33.8,33.89,33.91,33.82,33.69,33.57,100,100,84,67,50,39,31,36,38,55,55,51,48,0.0,0.0,0.18,0.62,1.45,2.6,3.83,4.79,5.17,4.85,3.96,2.76,1.6,0.0,0.0,0.0,0.0,0.0,0.0,0.0,0.0,0.003,0.003,0.003,0.003,0.002,True
27.54,27.54,28.02,29.44,31.57,34.03,36.32,37.02,37.81,38.61,39.11,39.0,38.17,0,0,3,8,13,18,22,27,31,66,67,74,77,0.0,0.0,0.18,0.64,1.51,2.71,3.99,4.98,5.38,4.47,3.66,2.55,1.38,0.0,0.0,0.0,0.0,0.0,0.0,0.0,0.0,0.0,0.0,0.0,0.0,0.0,True
40.12,40.12,40.17,40.32,40.96,41.88,43.16,43.95,43.3,42.84,42.53,41.56,40.44,100,100,100,100,100,100,99,96,96,100,100,100,100,0.0,0.0,0.03,0.42,0.97,1.73,3.73,4.64,5.01,3.96,3.24,2.26,0.81,0.08,0.08,0.0,0.0,0.0,0.0,0.0,0.0,0.0,0.0,0.001,0.023,0.04,True
38.88,38.88,38.3,37.69,37.06,36.68,36.12,36.12,36.07,35.78,35.65,35.29,35.17,100,100,100,100,100,100,100,100,100,100,100,100,100,0.0,0.0,0.02,0.06,0.15,0.26,0.61,0.76,0.82,0.61,0.5,0.35,0.14,0.074,0.074,0.081,0.081,0.077,0.076,0.071,0.067,0.049,0.057999999999999996,0.075,0.096,0.1,False
33.91,33.91,34.07,34.5,34.97,36.1,37.38,38.05,38.59,38.73,38.89,38.71,39.13,100,100,100,100,100,100,100,100,100,100,100,100,100,0.0,0.0,0.12,0.58,1.33,2.35,3.5,4.34,4.68,4.39,3.6,2.53,1.05,0.051000000000000004,0.051000000000000004,0.045,0.04,0.04,0.032,0.028999999999999998,0.028999999999999998,0.008,0.014000000000000002,0.022,0.025,0.025,False
35.02,35.02,34.72,34.41,34.34,34.5,34.92,35.2,35.28,35.31,35.64,36.05,36.05,100,100,100,100,100,100,100,100,100,100,100,100,100,0.0,0.0,0.05,0.24,0.54,0.96,1.52,1.89,2.04,2.56,2.1,1.48,0.76,0.1,0.1,0.086,0.081,0.077,0.077,0.077,0.09,0.1,0.099,0.098,0.096,0.099,False
37.72,37.72,37.13,36.45,36.07,36.21,36.82,37.11,38.12,38.91,39.51,39.7,39.85,100,100,100,100,100,100,100,100,100,100,100,100,100,0.0,0.0,0.11,0.5,1.14,2.01,3.22,4.0,4.31,4.35,3.57,2.51,1.3,0.032,0.036,0.04,0.039,0.039,0.039,0.039,0.039,0.034999999999999996,0.031,0.027000000000000003,0.027000000000000003,0.027000000000000003,False
38.25,38.25,37.67,37.18,37.09,37.36,38.07,39.36,39.97,40.19,39.94,39.92,40.14,100,100,97,99,99,99,99,99,99,100,100,100,100,0.0,0.0,0.21,0.66,1.49,2.62,3.09,3.82,4.12,3.78,3.12,2.2,1.45,0.011,0.011,0.015,0.015,0.015,0.015,0.015,0.015,0.032,0.037,0.040999999999999995,0.040999999999999995,0.028999999999999998,False
32.63,32.63,33.22,34.54,36.41,38.71,39.79,39.2,39.47,39.74,40.68,40.84,40.89,75,75,74,85,89,95,100,100,100,100,100,100,99,0.0,0.0,0.24,0.52,1.17,2.05,2.28,2.82,3.05,3.65,3.01,2.12,1.55,0.0,0.0,0.0,0.0,0.0,0.0,0.02,0.020999999999999998,0.0,0.0,0.0,0.0,0.0,True
41.18,41.18,41.05,41.38,42.01,42.21,41.47,41.56,41.68,41.23,40.46,39.92,39.42,100,100,92,64,48,36,32,41,48,87,92,95,96,0.0,0.0,0.22,0.65,1.45,2.52,3.37,4.18,4.5,4.63,3.81,2.7,0.89,0.087,0.08299999999999999,0.0,0.0,0.0,0.0,0.0,0.0,0.02,0.020999999999999998,0.019,0.012,0.003,True
39.88,39.88,39.58,39.31,39.38,40.17,41.02,41.32,41.2,41.4,41.22,40.3,39.74,40,40,52,64,76,86,95,93,93,92,95,96,97,0.0,0.0,0.11,0.36,0.8,1.39,2.35,2.9,3.13,2.71,2.24,1.59,1.15,0.001,0.002,0.014000000000000002,0.014000000000000002,0.01,0.009,0.004,0.004,0.0,0.0,0.008,0.008,0.005,True
38.88,38.88,39.11,39.7,40.55,41.13,41.43,41.34,41.41,41.61,41.31,41.38,41.2,100,100,100,100,100,100,100,100,100,100,100,100,100,0.0,0.0,0.04,0.21,0.46,0.81,1.24,1.53,1.65,0.9,0.74,0.53,0.2,0.063,0.066,0.049,0.041999999999999996,0.041999999999999996,0.039,0.037,0.03,0.0,0.0,0.0,0.0,0.0,False
41.61,41.61,41.16,40.78,40.87,40.84,40.95,41.16,41.09,42.28,42.13,41.72,41.43,100,100,100,100,100,100,100,100,100,99,100,100,99,0.0,0.0,0.1,0.42,0.92,1.6,2.24,2.76,2.98,3.18,2.63,1.86,1.09,0.06899999999999999,0.073,0.028000000000000004,0.012,0.004,0.0,0.0,0.0,0.0,0.0,0.004,0.01,0.026000000000000002,False
43.3,43.3,42.96,42.66,42.15,41.86,41.4,41.2,41.23,41.04,40.32,40.05,40.3,75,75,80,85,90,95,100,100,100,100,100,100,100,0.0,0.0,0.2,0.54,1.19,2.05,2.75,3.4,3.67,2.89,2.38,1.69,0.89,0.056999999999999995,0.046,0.015,0.008,0.011,0.023,0.036,0.043,0.051000000000000004,0.063,0.073,0.073,0.074,True
39.96,39.96,40.69,42.19,44.13,45.93,47.26,46.99,47.16,47.26,47.17,46.45,46.29,100,100,93,76,66,56,52,54,55,38,37,37,53,0.0,0.0,0.21,0.82,1.78,3.06,4.61,5.68,6.12,5.82,4.81,3.43,1.94,0.036,0.028000000000000004,0.0,0.0,0.0,0.0,0.0,0.003,0.027000000000000003,0.034,0.034,0.036,0.034999999999999996,True
42.55,42.55,42.62,43.03,43.21,44.47,46.49,48.36,49.87,51.53,52.05,52.02,50.22,100,100,100,100,100,100,100,100,100,100,98,97,98,0.0,0.0,0.05,0.36,0.79,1.36,2.5,3.08,3.32,5.56,4.59,3.27,1.88,0.0,0.0,0.037,0.056999999999999995,0.074,0.076,0.076,0.076,0.025,0.046,0.054000000000000006,0.056999999999999995,0.065,False
40.37,40.37,41.72,43.92,47.03,50.47,53.82,54.91,55.31,55.13,54.75,52.65,53.4,0,0,16,28,43,64,83,86,88,97,86,89,92,0.0,0.0,0.23,0.79,1.72,2.96,4.4,5.42,5.84,5.46,4.51,3.21,1.7,0.023,0.02,0.0,0.0,0.0,0.0,0.0,0.0,0.0,0.008,0.005,0.002,0.002,True
46.54,46.54,46.0,45.54,44.85,44.28,43.93,43.41,42.69,42.24,42.24,42.76,43.14,100,100,100,100,100,100,100,100,100,100,100,100,100,0.0,0.0,0.24,0.59,1.27,2.2,2.27,2.79,3.0,4.07,3.36,2.4,1.68,0.015,0.031,0.03,0.027000000000000003,0.032,0.034999999999999996,0.034999999999999996,0.031,0.04,0.032,0.028000000000000004,0.028999999999999998,0.032,False
44.08,44.08,43.72,43.48,43.23,42.96,42.78,43.3,43.74,43.65,43.47,43.56,43.32,100,100,100,100,100,100,100,100,100,100,100,100,100,0.0,0.0,0.33,0.95,2.07,3.54,4.98,6.13,6.59,5.35,4.42,3.16,2.05,0.0,0.0,0.0,0.0,0.0,0.0,0.0,0.0,0.0,0.0,0.0,0.0,0.0,True
70.21,70.21,69.64,69.21,69.57,71.01,72.88,74.71,76.62,77.77,78.6,79.12,79.47,0,0,20,40,60,80,100,100,93,14,8,6,4,0.0,0.0,0.0,0.41,1.16,2.32,3.6,4.63,5.05,5.86,4.66,3.07,1.67,0.0,0.0,0.0,0.0,0.0,0.0,0.0,0.0,0.0,0.0,0.0,0.0,0.0,False
75.16,75.16,74.66,73.89,73.56,73.45,75.88,78.55,79.77,80.64,81.01,81.0,80.94,0,0,20,40,60,79,95,89,84,7,4,3,2,0.0,0.0,0.0,0.44,1.27,2.55,4.49,5.78,6.31,5.88,4.68,3.07,1.59,0.0,0.0,0.0,0.0,0.0,0.0,0.0,0.0,0.0,0.0,0.0,0.0,0.0,True
72.05,72.05,71.98,71.98,72.72,74.44,76.21,77.95,79.29,80.04,79.16,79.88,77.95,33,33,35,60,73,87,100,100,100,100,100,100,81,0.0,0.0,0.0,0.35,1.01,2.05,3.66,4.73,5.18,4.6,3.64,2.38,0.64,0.0,0.0,0.0,0.0,0.0,0.0,0.0,0.0,0.027000000000000003,0.05,0.056999999999999995,0.057999999999999996,0.061,True
64.56,64.56,64.11,63.36,62.04,60.75,59.16,58.57,58.06,57.6,57.04,56.48,55.67,100,100,100,100,100,100,100,100,100,100,100,100,100,0.0,0.0,0.0,0.04,0.13,0.26,0.54,0.69,0.76,0.63,0.5,0.33,0.23,0.08399999999999999,0.074,0.077,0.093,0.093,0.093,0.093,0.093,0.092,0.095,0.097,0.097,0.094,False
52.83,52.83,53.19,53.6,54.09,54.61,55.51,55.83,56.01,56.19,56.5,56.75,56.95,100,100,100,100,100,100,100,100,100,100,100,98,90,0.0,0.0,0.0,0.26,0.79,1.62,3.51,4.55,4.98,5.45,4.3,2.8,1.42,0.028999999999999998,0.025,0.011,0.004,0.0,0.0,0.0,0.0,0.0,0.0,0.0,0.0,0.0,False
52.7,52.7,52.52,52.84,53.87,55.24,56.53,57.11,58.1,58.93,59.32,59.52,59.32,100,100,80,60,40,20,0,0,0,0,1,1,2,0.0,0.0,0.0,0.41,1.23,2.51,3.97,5.16,5.65,5.27,4.16,2.71,1.35,0.0,0.0,0.0,0.0,0.0,0.0,0.0,0.0,0.0,0.0,0.0,0.0,0.0,True
51.28,51.28,52.09,53.53,56.01,59.27,62.44,62.76,63.16,63.21,63.3,63.03,62.49,75,75,77,54,44,53,61,69,74,100,100,100,100,0.0,0.0,0.0,0.36,1.09,2.25,3.85,5.0,5.49,3.99,3.14,2.05,0.19,0.0,0.0,0.0,0.0,0.0,0.0,0.0,0.0,0.0,0.0,0.0,0.0,0.0,True
56.95,56.95,57.29,57.79,58.35,58.87,59.54,59.7,60.03,61.07,61.39,61.38,61.09,40,40,50,64,76,88,100,100,99,82,76,74,72,0.0,0.0,0.0,0.29,0.88,1.82,3.5,4.56,5.0,4.71,3.71,2.41,1.22,0.0,0.0,0.0,0.0,0.0,0.0,0.0,0.002,0.005,0.005,0.005,0.002,0.002,True
54.07,54.07,54.68,55.65,56.68,57.76,58.78,59.25,59.74,59.59,59.14,58.68,57.81,75,75,70,84,89,94,99,99,99,100,100,100,100,0.0,0.0,0.0,0.33,1.01,2.08,3.45,4.5,4.94,4.36,3.42,2.22,0.83,0.03,0.03,0.040999999999999995,0.052000000000000005,0.067,0.067,0.06,0.05600000000000001,0.0,0.0,0.0,0.0,0.0,True
51.62,51.62,52.14,52.59,53.04,53.74,54.34,54.41,54.72,55.17,55.31,55.6,55.44,100,100,100,100,100,100,100,100,100,87,84,81,73,0.0,0.0,0.0,0.05,0.15,0.31,0.69,0.9,0.99,1.66,1.3,0.84,1.03,0.053000000000000005,0.056999999999999995,0.057999999999999996,0.05,0.046,0.046,0.046,0.045,0.024,0.023,0.014000000000000002,0.004,0.003,False
50.79,50.79,50.18,50.2,51.1,52.41,53.98,54.48,54.73,54.91,55.2,55.38,55.71,100,100,81,60,41,20,1,4,7,30,28,23,17,0.0,0.0,0.0,0.3,0.95,1.99,3.22,4.2,4.61,4.44,3.48,2.23,1.16,0.0,0.0,0.0,0.0,0.0,0.0,0.0,0.0,0.0,0.0,0.0,0.0,0.0,True
46.06,46.06,46.2,46.98,49.23,53.19,58.66,61.65,63.48,64.8,65.48,65.3,65.05,100,100,81,66,52,34,18,26,27,85,93,95,93,0.0,0.0,0.0,0.29,0.94,2.0,3.37,4.41,4.84,4.57,3.57,2.28,1.05,0.0,0.0,0.0,0.0,0.0,0.0,0.0,0.0,0.0,0.0,0.0,0.0,0.0,True
59.07,59.07,58.8,58.89,60.03,62.28,66.02,67.98,68.81,69.33,69.12,68.67,67.37,75,75,68,54,59,57,45,40,36,25,25,29,27,0.0,0.0,0.0,0.23,0.83,1.87,3.08,4.1,4.52,4.23,3.28,2.04,0.95,0.028999999999999998,0.008,0.020999999999999998,0.013000000000000001,0.009,0.009,0.009,0.0,0.0,0.0,0.0,0.0,0.0,True
59.76,59.76,59.77,60.22,61.79,64.33,67.59,69.1,69.35,68.85,68.43,67.73,66.97,100,100,87,64,45,26,6,6,6,1,2,11,15,0.0,0.0,0.0,0.22,0.81,1.82,3.02,4.03,4.45,4.02,3.1,1.93,0.92,0.003,0.003,0.002,0.002,0.003,0.0,0.0,0.0,0.0,0.0,0.0,0.0,0.0,False
51.6,51.6,52.47,53.33,54.97,57.31,59.58,60.21,60.51,61.11,59.95,58.21,56.53,100,100,98,95,84,64,64,69,59,6,15,16,20,0.0,0.0,0.0,0.0,0.44,1.12,1.97,2.7,3.01,2.82,2.13,1.26,0.54,0.0,0.0,0.0,0.0,0.0,0.0,0.0,0.002,0.045,0.034999999999999996,0.025,0.032,0.025,True
48.22,48.22,48.51,48.51,47.88,47.23,46.81,47.44,48.51,48.88,49.21,48.88,49.1,40,40,52,64,76,88,100,100,100,99,99,99,99,0.0,0.0,0.0,0.0,0.25,0.63,1.49,2.04,2.28,1.92,1.45,0.86,0.35,0.074,0.074,0.072,0.098,0.098,0.096,0.076,0.071,0.043,0.039,0.039,0.034,0.034,True
43.81,43.81,43.68,43.63,44.29,44.92,45.73,46.2,47.01,47.59,47.77,48.38,48.83,100,100,84,68,50,36,22,22,23,42,52,60,61,0.0,0.0,0.0,0.0,0.28,0.71,1.52,2.09,2.33,2.54,1.9,1.12,0.44,0.009,0.007000000000000001,0.009,0.009,0.006,0.0,0.0,0.0,0.005,0.009,0.028999999999999998,0.005,0.0,True
44.29,44.29,44.53,44.89,46.02,47.28,47.95,47.26,47.44,47.52,47.32,47.7,47.35,100,100,99,94,89,87,87,89,88,92,85,75,71,0.0,0.0,0.0,0.0,0.14,0.35,0.54,0.75,0.83,2.2,1.64,0.96,0.47,0.01,0.006,0.019,0.023,0.031,0.043,0.053000000000000005,0.053000000000000005,0.04,0.028999999999999998,0.028999999999999998,0.025,0.025,False
39.63,39.63,40.01,40.42,41.13,42.03,43.57,44.85,45.68,46.09,46.65,47.46,47.97,40,40,43,64,76,88,99,96,88,81,83,87,91,0.0,0.0,0.0,0.0,0.32,0.82,1.79,2.48,2.76,1.86,1.39,0.81,0.13,0.0,0.0,0.0,0.0,0.0,0.0,0.0,0.0,0.020999999999999998,0.022,0.017,0.014000000000000002,0.014000000000000002,True
43.03,43.03,43.14,42.98,43.03,43.36,43.79,44.35,45.32,46.06,46.74,46.92,46.65,100,100,100,100,100,100,100,100,100,99,99,99,99,0.0,0.0,0.0,0.0,0.07,0.2,0.96,1.33,1.48,1.49,1.11,0.64,0.11,0.054000000000000006,0.05500000000000001,0.06999999999999999,0.065,0.061,0.053000000000000005,0.049,0.045,0.0,0.0,0.0,0.0,0.0,False
45.52,45.52,45.3,45.52,46.47,47.71,49.3,49.28,49.42,49.46,49.35,49.69,49.42,75,75,73,81,87,93,97,97,98,100,100,93,82,0.0,0.0,0.0,0.0,0.19,0.49,1.08,1.5,1.67,1.91,1.42,0.82,0.33,0.0,0.0,0.0,0.0,0.0,0.0,0.0,0.0,0.0,0.0,0.0,0.0,0.0,True
44.62,44.62,45.16,45.88,47.39,48.69,50.02,50.59,51.04,51.06,51.46,51.12,50.59,100,100,87,72,53,33,14,13,14,84,92,95,93,0.0,0.0,0.0,0.0,0.4,1.05,1.9,2.65,2.96,2.82,2.08,1.19,0.41,0.013000000000000001,0.012,0.004,0.004,0.0,0.0,0.0,0.004,0.011,0.006,0.005,0.0,0.0,True
48.74,48.74,48.7,48.74,48.87,48.69,47.68,47.19,47.26,47.79,48.25,48.58,49.51,75,75,80,85,90,95,100,100,100,100,100,100,100,0.0,0.0,0.0,0.0,0.14,0.38,0.86,1.2,1.35,1.41,1.04,0.59,0.22,0.006,0.015,0.034999999999999996,0.034999999999999996,0.048,0.05500000000000001,0.064,0.075,0.097,0.097,0.096,0.096,0.092,False
49.41,49.41,49.44,49.44,49.48,49.42,49.62,49.69,50.02,50.05,50.02,49.78,49.5,100,100,100,100,100,100,100,100,98,90,89,86,89,0.0,0.0,0.0,0.0,0.19,0.5,1.19,1.67,1.88,1.6,1.18,0.67,0.21,0.059,0.059,0.047,0.05500000000000001,0.062,0.065,0.065,0.068,0.037,0.036,0.032,0.02,0.011,False
44.98,44.98,45.28,45.7,46.51,48.02,49.82,50.86,51.44,51.82,51.3,50.49,49.42,0,0,18,40,52,62,61,59,66,71,84,87,90,0.0,0.0,0.0,0.0,0.33,0.9,1.67,2.34,2.64,2.41,1.78,1.0,0.4,0.0,0.0,0.0,0.0,0.0,0.0,0.0,0.0,0.0,0.0,0.0,0.0,0.0,True
45.79,45.79,45.91,46.09,46.35,46.76,47.68,47.97,48.25,48.56,48.79,48.96,48.61,100,100,100,100,100,100,99,99,99,94,66,51,41,0.0,0.0,0.0,0.0,0.22,0.62,1.59,2.23,2.52,2.37,1.74,0.97,0.39,0.0,0.0,0.0,0.0,0.0,0.0,0.0,0.0,0.0,0.0,0.0,0.0,0.0,False
38.05,38.05,39.25,40.53,42.76,46.2,50.58,52.34,53.19,53.58,53.64,53.37,51.84,75,75,62,75,77,67,65,66,72,80,51,43,58,0.0,0.0,0.0,0.0,0.29,0.82,1.56,2.19,2.48,2.3,1.69,0.93,0.31,0.0,0.0,0.0,0.0,0.0,0.0,0.0,0.0,0.0,0.0,0.0,0.0,0.0,True
47.97,47.97,48.47,48.97,50.02,51.46,53.74,52.74,53.22,51.55,51.82,51.62,51.4,75,75,80,85,90,95,100,100,100,100,100,100,100,0.0,0.0,0.0,0.0,0.21,0.62,0.59,0.83,0.94,0.42,0.31,0.17,0.05,0.044,0.045,0.0,0.0,0.0,0.004,0.039,0.048,0.06,0.061,0.068,0.076,0.086,False
50.63,50.63,50.56,50.5,50.81,51.4,52.27,51.12,51.01,49.98,49.51,49.69,49.62,100,100,100,100,100,100,100,100,100,100,100,100,100,0.0,0.0,0.0,0.0,0.12,0.34,0.31,0.44,0.5,0.34,0.24,0.14,0.08,0.028000000000000004,0.027000000000000003,0.013000000000000001,0.012,0.022,0.034999999999999996,0.05,0.054000000000000006,0.078,0.074,0.08199999999999999,0.093,0.08199999999999999,False
43.07,43.07,43.43,43.83,45.05,46.6,48.22,48.52,48.72,48.63,48.31,47.8,47.17,75,75,62,49,38,24,9,7,7,9,9,12,23,0.0,0.0,0.0,0.0,0.25,0.76,1.46,2.08,2.36,2.19,1.6,0.87,0.31,0.0,0.0,0.0,0.0,0.0,0.0,0.0,0.0,0.0,0.0,0.0,0.0,0.0,True
44.46,44.46,44.69,44.8,44.55,44.4,44.37,44.42,44.35,44.4,44.17,44.29,44.29,100,100,100,100,100,100,100,100,100,100,100,100,100,0.0,0.0,0.0,0.0,0.06,0.2,0.23,0.33,0.37,0.4,0.29,0.16,0.05,0.087,0.076,0.08499999999999999,0.088,0.088,0.092,0.093,0.093,0.05600000000000001,0.049,0.025,0.025,0.022,False
44.04,44.04,44.38,44.69,45.32,46.26,47.73,48.81,49.78,50.7,51.03,51.44,51.3,100,100,95,100,100,100,100,100,100,100,100,100,99,0.0,0.0,0.0,0.0,0.12,0.37,0.75,1.07,1.21,1.2,0.86,0.47,0.19,0.0,0.0,0.0,0.0,0.0,0.0,0.0,0.0,0.0,0.0,0.0,0.0,0.0,True
51.62,51.62,51.24,50.9,51.15,51.78,52.52,52.95,52.36,51.78,51.51,51.06,50.11,100,100,95,73,80,78,80,84,87,100,100,100,100,0.0,0.0,0.0,0.0,0.22,0.69,1.31,1.88,2.11,1.33,0.95,0.52,0.21,0.0,0.0,0.0,0.0,0.0,0.0,0.0,0.0,0.0,0.0,0.019,0.040999999999999995,0.040999999999999995,False
46.33,46.33,46.56,46.81,47.19,47.84,48.34,48.38,48.52,48.43,48.22,48.22,47.86,100,100,100,100,99,99,99,98,95,77,79,79,79,0.0,0.0,0.0,0.0,0.08,0.25,0.84,1.22,1.37,1.96,1.41,0.76,0.26,0.003,0.003,0.0,0.0,0.0,0.0,0.0,0.0,0.0,0.0,0.0,0.0,0.0,False
46.58,46.58,46.54,46.54,46.58,46.53,46.45,46.74,46.78,46.56,46.56,46.22,45.63,100,100,100,100,100,100,100,100,100,100,100,100,100,0.0,0.0,0.0,0.0,0.04,0.14,0.28,0.41,0.46,0.48,0.34,0.19,0.07,0.1,0.1,0.1,0.1,0.1,0.1,0.098,0.094,0.02,0.016,0.024,0.024,0.024,True
44.64,44.64,44.94,45.27,45.97,46.65,45.93,43.83,41.74,40.62,40.69,41.41,41.22,100,100,100,100,100,100,100,100,99,100,100,100,100,0.0,0.0,0.0,0.0,0.04,0.12,0.44,0.63,0.72,1.09,0.78,0.42,0.21,0.1,0.08,0.012,0.024,0.03,0.034,0.037,0.032,0.0,0.0,0.0,0.0,0.0,True
33.12,33.12,33.24,32.94,32.94,33.39,34.14,35.13,35.85,36.73,37.42,38.19,38.19,100,100,100,98,97,98,97,97,98,100,100,100,100,0.0,0.0,0.0,0.0,0.21,0.65,1.22,1.77,2.01,1.7,1.21,0.64,0.2,0.0,0.0,0.0,0.0,0.0,0.0,0.0,0.0,0.0,0.0,0.0,0.0,0.0,True
29.73,29.73,29.95,30.13,30.72,31.64,32.99,33.91,34.92,35.47,35.53,35.94,35.44,100,100,100,100,100,100,100,100,100,100,100,100,100,0.0,0.0,0.0,0.0,0.17,0.52,1.08,1.57,1.78,1.3,0.93,0.5,0.16,0.0,0.0,0.0,0.0,0.0,0.0,0.0,0.0,0.0,0.0,0.0,0.0,0.0,False
26.06,26.06,26.42,26.74,27.27,28.42,29.95,30.97,32.07,33.39,34.14,33.96,33.69,100,100,95,100,100,100,100,100,100,100,100,100,100,0.0,0.0,0.0,0.0,0.15,0.46,0.97,1.4,1.59,0.97,0.69,0.37,0.13,0.0,0.0,0.006,0.003,0.003,0.003,0.0,0.0,0.0,0.0,0.0,0.0,0.007000000000000001,False
31.93,31.93,32.23,32.77,32.94,33.31,33.87,34.21,34.59,34.83,34.99,34.84,34.12,75,75,80,85,90,93,92,89,90,98,98,98,94,0.0,0.0,0.0,0.0,0.15,0.46,1.0,1.44,1.65,1.46,1.05,0.55,0.2,0.089,0.089,0.041999999999999996,0.045,0.045,0.040999999999999995,0.040999999999999995,0.040999999999999995,0.0,0.0,0.0,0.0,0.0,False
27.95,27.95,28.6,29.26,30.67,32.77,35.2,36.48,37.81,39.29,40.32,40.57,39.67,75,75,71,84,88,90,88,84,82,60,66,72,75,0.0,0.0,0.0,0.0,0.15,0.5,0.94,1.37,1.57,1.19,0.84,0.43,0.13,0.0,0.0,0.0,0.0,0.0,0.0,0.0,0.0,0.0,0.0,0.0,0.0,0.0,True
34.43,34.43,34.74,35.02,36.09,38.3,39.9,39.87,39.76,39.52,39.45,39.69,38.75,0,0,20,34,52,58,58,50,52,91,92,85,67,0.0,0.0,0.0,0.0,0.15,0.5,0.9,1.32,1.52,1.25,0.89,0.46,0.18,0.0,0.0,0.0,0.0,0.0,0.0,0.0,0.0,0.0,0.0,0.0,0.0,0.0,False
32.5,32.5,32.27,31.95,32.4,33.66,35.22,36.68,38.44,40.06,41.11,40.87,39.24,75,75,64,54,43,31,17,16,16,85,93,95,94,0.0,0.0,0.0,0.0,0.14,0.47,0.94,1.38,1.59,1.34,0.95,0.48,0.15,0.0,0.0,0.0,0.0,0.0,0.0,0.0,0.0,0.0,0.0,0.0,0.0,0.0,True
36.39,36.39,36.68,37.13,37.81,38.84,40.03,41.23,42.94,44.53,45.41,45.3,44.85,100,100,100,100,100,100,100,100,100,100,100,100,100,0.0,0.0,0.0,0.09,0.3,0.64,0.95,1.09,0.9,0.64,0.32,0.06,0.0,0.0,0.0,0.0,0.0,0.0,0.0,0.0,0.006,0.009,0.008,0.005,0.008,0.027000000000000003,False
46.96,46.96,47.07,47.21,47.34,47.64,46.36,45.01,43.95,42.39,40.93,39.79,38.91,100,100,100,100,100,100,100,100,100,100,100,100,100,0.0,0.0,0.0,0.02,0.07,0.18,0.26,0.31,0.24,0.17,0.09,0.04,0.0,0.095,0.1,0.08,0.1,0.08,0.08,0.08,0.06,0.068,0.068,0.068,0.071,0.071,False
33.94,33.94,34.39,34.88,35.53,36.27,37.36,37.51,37.63,37.83,38.55,39.06,39.42,100,100,100,100,100,100,100,100,100,100,100,100,100,0.0,0.0,0.0,0.04,0.17,0.4,0.61,0.69,0.48,0.34,0.17,0.09,0.0,0.0,0.0,0.0,0.0,0.0,0.0,0.0,0.0,0.0,0.0,0.0,0.0,0.020999999999999998,False
37.02,37.02,37.4,38.03,38.88,39.7,40.8,41.45,41.94,42.13,42.35,42.55,42.44,100,100,100,100,100,100,100,100,100,100,100,100,100,0.0,0.0,0.0,0.03,0.13,0.25,0.38,0.43,0.5,0.35,0.18,0.05,0.0,0.099,0.028999999999999998,0.03,0.024,0.025,0.027000000000000003,0.020999999999999998,0.0,0.0,0.0,0.0,0.0,0.0,False
34.59,34.59,35.24,36.07,37.22,38.44,39.67,40.17,40.62,40.57,40.35,40.12,39.45,75,75,71,70,74,80,85,87,100,100,98,92,92,0.0,0.0,0.0,0.08,0.3,0.38,0.57,0.64,0.76,0.53,0.27,0.11,0.0,0.0,0.0,0.0,0.0,0.0,0.0,0.0,0.0,0.0,0.0,0.0,0.0,0.0,False
36.97,36.97,36.68,36.37,35.98,35.47,34.83,34.95,35.11,35.19,35.44,35.38,35.33,100,100,100,100,100,99,99,99,100,100,100,100,100,0.0,0.0,0.0,0.0,0.26,0.45,0.66,0.75,0.53,0.37,0.19,0.05,0.0,0.018,0.015,0.013000000000000001,0.016,0.012,0.012,0.012,0.0,0.0,0.0,0.0,0.0,0.0,False
34.81,34.81,34.66,34.66,35.08,35.94,37.42,38.48,39.54,40.46,40.98,40.82,40.96,100,100,100,100,99,98,93,92,97,98,99,99,99,0.0,0.0,0.0,0.0,0.33,0.7,1.04,1.18,1.08,0.75,0.39,0.11,0.0,0.0,0.002,0.006,0.006,0.006,0.006,0.006,0.003,0.004,0.001,0.0,0.008,0.024,False
38.71,38.71,39.34,40.05,40.98,42.49,44.76,46.02,46.9,47.14,47.66,47.64,46.96,100,100,100,100,100,100,100,100,100,100,100,84,68,0.0,0.0,0.0,0.0,0.31,0.66,0.99,1.13,0.94,0.64,0.33,0.12,0.0,0.013000000000000001,0.015,0.018,0.018,0.011,0.007000000000000001,0.003,0.0,0.0,0.0,0.0,0.0,0.0,True
43.27,43.27,43.18,43.0,43.09,43.56,44.64,45.59,46.6,47.35,47.26,46.15,44.24,0,0,0,0,1,1,1,1,0,4,8,10,11,0.0,0.0,0.0,0.0,0.37,0.8,1.21,1.38,1.29,0.88,0.44,0.12,0.0,0.0,0.0,0.0,0.0,0.0,0.0,0.0,0.0,0.0,0.0,0.0,0.0,0.0,True
33.75,33.75,36.64,39.85,43.48,47.97,52.79,53.55,54.07,54.18,54.1,53.74,53.1,75,75,80,85,90,95,100,100,100,100,100,100,100,0.0,0.0,0.0,0.0,0.29,0.54,0.81,0.93,0.77,0.53,0.26,0.08,0.0,0.0,0.0,0.0,0.0,0.0,0.0,0.0,0.0,0.0,0.0,0.0,0.0,0.0,True
40.05,40.05,40.48,40.95,42.3,44.44,47.19,48.65,49.78,50.36,50.29,48.67,47.03,75,75,60,45,30,15,0,0,0,0,0,0,0,0.0,0.0,0.0,0.0,0.0,0.0,0.0,0.0,0.0,0.0,0.0,0.0,0.0,0.0,0.0,0.0,0.0,0.0,0.0,0.0,0.0,0.0,0.0,0.0,0.0,0.0,True
49.48,49.48,49.75,50.25,51.42,53.82,57.22,58.14,58.98,58.91,58.64,57.49,55.33,75,75,80,85,90,95,100,100,100,100,100,100,100,0.0,0.0,0.0,0.0,0.28,0.59,0.87,0.94,0.82,0.52,0.21,0.0,0.0,0.0,0.0,0.0,0.0,0.0,0.0,0.0,0.0,0.0,0.0,0.0,0.0,0.0,True
31.1,31.1,31.55,32.22,33.51,35.31,37.78,39.09,40.55,41.7,42.33,41.79,40.44,40,40,41,50,62,74,80,69,10,22,24,34,40,0.0,0.0,0.0,0.0,0.33,0.7,1.03,1.25,1.13,0.77,0.38,0.0,0.0,0.0,0.0,0.0,0.0,0.0,0.0,0.0,0.0,0.0,0.0,0.0,0.0,0.0,True
35.01,35.01,35.35,35.91,37.26,39.56,42.85,44.17,44.96,45.28,45.34,44.33,42.73,0,0,19,38,56,70,70,60,47,47,49,41,34,0.0,0.0,0.0,0.0,0.35,0.75,1.13,1.31,1.14,0.77,0.37,0.0,0.0,0.0,0.0,0.0,0.0,0.0,0.0,0.0,0.0,0.0,0.0,0.0,0.0,0.0,True
30.92,30.92,32.2,33.69,35.96,38.26,40.3,40.23,39.99,39.78,39.56,39.13,38.75,100,100,82,64,45,26,7,8,10,8,7,9,24,0.0,0.0,0.0,0.0,0.34,0.74,1.11,1.3,1.16,0.79,0.38,0.0,0.0,0.0,0.0,0.0,0.0,0.0,0.0,0.0,0.0,0.0,0.0,0.0,0.0,0.0,True
32.38,32.38,33.39,34.41,35.94,37.87,40.46,41.85,43.18,43.86,43.95,43.45,43.05,75,75,80,85,90,95,100,100,100,100,100,100,100,0.0,0.0,0.0,0.0,0.24,0.47,0.6,0.7,0.71,0.4,0.19,0.0,0.0,0.0,0.0,0.0,0.0,0.0,0.0,0.0,0.0,0.0,0.0,0.0,0.0,0.0,False
37.51,37.51,37.72,38.08,38.61,39.15,40.44,40.5,41.59,41.02,40.28,38.88,37.53,100,100,100,100,100,100,100,100,100,99,98,98,98,0.0,0.0,0.0,0.0,0.09,0.12,0.35,0.37,0.65,0.42,0.23,0.0,0.0,0.011,0.012,0.024,0.027000000000000003,0.034999999999999996,0.034,0.044,0.014000000000000002,0.012,0.012,0.006,0.0,0.0,False
27.59,27.59,28.29,29.08,30.6,33.31,37.36,39.88,41.47,41.79,41.76,41.36,40.39,75,75,66,70,71,75,77,78,100,100,100,100,100,0.0,0.0,0.0,0.0,0.23,0.55,0.83,1.01,0.86,0.57,0.28,0.0,0.0,0.0,0.0,0.0,0.0,0.0,0.0,0.0,0.0,0.0,0.0,0.0,0.0,0.0,True
25.61,25.61,25.65,25.47,25.34,25.34,25.59,26.33,27.34,28.17,28.58,28.54,28.29,0,0,5,7,8,10,10,9,0,1,3,14,21,0.0,0.0,0.0,0.0,0.28,0.63,0.94,1.08,0.95,0.65,0.3,0.0,0.0,0.0,0.0,0.0,0.0,0.0,0.0,0.0,0.0,0.0,0.0,0.0,0.0,0.0,True
20.17,20.17,20.71,21.45,22.75,24.39,26.44,27.59,28.72,29.86,30.45,30.15,29.61,0,0,10,13,14,15,16,14,3,3,2,2,1,0.0,0.0,0.0,0.0,0.24,0.54,0.81,0.94,0.84,0.58,0.27,0.0,0.0,0.0,0.0,0.0,0.0,0.0,0.0,0.0,0.0,0.0,0.0,0.0,0.0,0.0,True
23.45,23.45,24.28,25.27,26.6,28.4,30.74,31.93,32.7,33.13,32.67,31.64,30.61,0,0,20,40,60,80,100,100,100,100,100,100,100,0.0,0.0,0.0,0.0,0.2,0.45,0.63,0.7,0.63,0.46,0.22,0.0,0.0,0.0,0.0,0.0,0.0,0.0,0.0,0.0,0.0,0.0,0.0,0.0,0.0,0.0,False
25.7,25.7,26.06,26.38,27.03,28.26,30.13,30.16,28.99,29.57,30.42,30.34,29.35,100,100,100,100,100,100,100,100,100,100,100,100,100,0.0,0.0,0.0,0.0,0.24,0.49,0.47,0.45,0.39,0.27,0.16,0.0,0.0,0.0,0.001,0.001,0.001,0.001,0.001,0.0,0.052000000000000005,0.064,0.074,0.081,0.073,0.066,False
16.03,16.03,16.47,16.86,17.37,18.09,19.2,19.72,20.39,20.95,21.13,21.0,20.71,100,100,100,100,100,100,100,100,100,100,100,100,100,0.0,0.0,0.0,0.0,0.2,0.42,0.64,0.69,0.59,0.41,0.2,0.0,0.0,0.003,0.008,0.008,0.008,0.008,0.005,0.005,0.003,0.0,0.0,0.0,0.0,0.0,False
12.54,12.54,13.19,13.78,14.63,16.2,18.63,20.3,21.99,23.4,24.1,24.4,24.69,100,100,97,97,94,93,92,93,100,100,100,100,100,0.0,0.0,0.0,0.0,0.22,0.5,0.75,0.79,0.72,0.49,0.21,0.0,0.0,0.005,0.0,0.0,0.0,0.0,0.0,0.0,0.0,0.0,0.0,0.002,0.002,0.002,True
28.33,28.33,28.76,29.32,30.29,31.77,34.36,36.0,37.02,37.76,37.9,37.13,35.78,100,100,86,74,65,56,40,37,27,26,41,52,51,0.0,0.0,0.0,0.0,0.14,0.34,0.6,1.01,0.93,0.64,0.29,0.0,0.0,0.0,0.0,0.0,0.0,0.0,0.0,0.0,0.0,0.0,0.0,0.0,0.0,0.0,True
33.87,33.87,34.09,34.3,34.81,34.84,34.83,34.88,35.08,35.44,35.46,34.36,33.22,100,100,83,66,51,41,31,32,8,8,16,26,26,0.0,0.0,0.0,0.0,0.24,0.55,0.86,1.01,0.88,0.6,0.27,0.0,0.0,0.0,0.0,0.0,0.0,0.0,0.0,0.0,0.0,0.0,0.0,0.0,0.0,0.0,True
20.77,20.77,21.94,23.16,24.98,27.19,30.06,31.19,32.04,32.74,32.92,31.96,31.62,75,75,62,61,52,49,40,37,50,50,61,66,73,0.0,0.0,0.0,0.0,0.23,0.52,0.82,0.98,0.87,0.59,0.26,0.0,0.0,0.0,0.0,0.0,0.0,0.0,0.0,0.0,0.0,0.0,0.0,0.0,0.0,0.0,True
24.75,24.75,25.65,26.62,27.79,29.39,31.3,31.84,32.45,32.9,33.21,33.19,33.19,40,40,51,63,75,87,99,99,100,100,100,100,96,0.0,0.0,0.0,0.0,0.17,0.35,0.57,0.68,0.6,0.51,0.22,0.0,0.0,0.0,0.0,0.0,0.0,0.0,0.0,0.0,0.0,0.0,0.0,0.0,0.0,0.0,True
32.18,32.18,32.22,32.29,32.61,33.22,33.94,34.32,34.59,34.66,34.41,33.57,33.01,100,100,100,100,100,100,100,100,100,100,100,100,91,0.0,0.0,0.0,0.0,0.16,0.4,0.6,0.64,0.51,0.26,0.12,0.0,0.0,0.0,0.0,0.0,0.0,0.0,0.0,0.0,0.005,0.005,0.002,0.0,0.0,0.0,False
32.72,32.72,32.77,32.86,33.24,34.2,35.38,36.3,36.99,37.53,37.33,37.18,37.11,100,100,100,100,100,100,100,99,99,92,92,94,95,0.0,0.0,0.0,0.0,0.14,0.41,0.64,0.73,0.68,0.45,0.21,0.0,0.0,0.0,0.0,0.0,0.0,0.0,0.0,0.0,0.0,0.0,0.0,0.0,0.0,0.001,False
31.87,31.87,32.14,32.45,32.86,33.57,34.34,34.75,34.88,34.79,34.72,33.73,32.77,100,100,99,99,99,99,98,97,81,65,45,35,30,0.0,0.0,0.0,0.0,0.09,0.22,0.3,0.49,0.59,0.46,0.22,0.0,0.0,0.039,0.0,0.0,0.003,0.01,0.007000000000000001,0.007000000000000001,0.0,0.0,0.0,0.0,0.0,0.0,False
28.94,28.94,28.99,29.07,29.82,31.6,33.76,34.81,36.07,37.67,38.01,37.18,36.41,0,0,20,40,60,80,100,100,100,100,99,99,95,0.0,0.0,0.0,0.0,0.2,0.51,0.6,0.34,0.19,0.14,0.08,0.0,0.0,0.0,0.0,0.0,0.0,0.0,0.02,0.0,0.0,0.0,0.0,0.0,0.0,0.0,False
31.12,31.12,31.26,31.48,32.72,34.74,36.64,37.45,37.83,38.25,38.28,37.13,37.11,75,75,71,75,80,84,89,84,10,17,17,13,10,0.0,0.0,0.0,0.0,0.2,0.49,0.76,0.96,0.87,0.57,0.26,0.0,0.0,0.0,0.0,0.0,0.0,0.0,0.0,0.0,0.0,0.0,0.0,0.0,0.0,0.0,True
37.53,37.53,37.49,37.38,37.94,39.56,41.83,43.16,43.66,42.73,42.4,42.24,41.34,100,100,81,64,49,36,16,13,8,54,69,77,76,0.0,0.0,0.0,0.0,0.17,0.49,0.78,0.44,0.21,0.17,0.13,0.0,0.0,0.0,0.0,0.0,0.0,0.0,0.0,0.0,0.0,0.0,0.0,0.0,0.0,0.0,False
37.26,37.26,37.15,36.9,36.93,37.45,38.23,38.93,39.16,37.54,36.73,36.3,36.32,100,100,100,100,100,100,100,100,100,100,100,100,100,0.0,0.0,0.0,0.0,0.14,0.29,0.41,0.45,0.41,0.22,0.12,0.0,0.0,0.0,0.0,0.0,0.0,0.0,0.0,0.0,0.001,0.01,0.040999999999999995,0.067,0.094,0.09,False
24.84,24.84,25.25,25.63,26.28,27.18,28.26,28.76,29.35,29.88,30.24,29.8,29.5,100,100,90,78,66,54,40,38,17,15,12,10,9,0.0,0.0,0.0,0.0,0.17,0.38,0.58,0.66,0.6,0.4,0.19,0.0,0.0,0.008,0.0,0.0,0.0,0.0,0.0,0.0,0.0,0.0,0.0,0.0,0.0,0.0,False
21.0,21.0,21.36,21.63,22.37,24.04,26.65,28.36,29.86,30.56,30.81,30.6,30.54,100,100,91,88,84,76,72,77,100,100,100,100,100,0.0,0.0,0.0,0.0,0.19,0.42,0.6,0.64,0.57,0.37,0.17,0.0,0.0,0.0,0.0,0.0,0.0,0.0,0.0,0.0,0.0,0.0,0.0,0.0,0.0,0.0,False
24.78,24.78,24.57,23.94,23.31,22.98,23.04,23.65,24.37,25.02,25.29,25.2,25.16,100,100,100,100,99,99,99,98,86,81,61,69,72,0.0,0.0,0.0,0.0,0.16,0.36,0.57,0.66,0.61,0.41,0.19,0.0,0.0,0.003,0.0,0.0,0.0,0.0,0.0,0.0,0.0,0.0,0.0,0.0,0.0,0.0,True
19.04,19.04,20.41,21.74,23.43,25.66,28.35,29.37,30.43,31.51,32.09,31.8,31.62,100,100,93,76,71,55,40,35,1,1,1,6,7,0.0,0.0,0.0,0.0,0.19,0.43,0.68,0.78,0.7,0.46,0.21,0.0,0.0,0.0,0.0,0.0,0.0,0.0,0.0,0.0,0.0,0.0,0.0,0.0,0.0,0.0,True
33.85,33.85,34.48,35.13,36.32,38.77,41.77,43.29,44.1,44.51,44.38,43.45,42.51,75,75,75,73,65,64,58,52,14,12,10,9,8,0.0,0.0,0.0,0.0,0.21,0.5,0.79,0.9,0.81,0.52,0.24,0.0,0.0,0.0,0.0,0.0,0.0,0.0,0.0,0.0,0.0,0.0,0.0,0.0,0.0,0.0,True
41.76,41.76,41.31,40.64,39.94,39.24,38.48,38.35,38.32,38.28,38.19,38.05,37.87,100,100,100,100,100,100,100,100,100,100,100,100,100,0.0,0.0,0.0,0.0,0.02,0.05,0.09,0.12,0.12,0.08,0.05,0.0,0.0,0.037,0.071,0.073,0.094,0.1,0.1,0.1,0.1,0.1,0.1,0.1,0.1,0.1,False
38.61,38.61,38.75,39.07,39.4,40.01,41.0,41.85,42.35,42.42,41.92,41.49,41.36,100,100,100,100,100,100,100,100,100,100,100,100,100,0.0,0.0,0.0,0.0,0.1,0.22,0.38,0.5,0.22,0.28,0.16,0.0,0.0,0.1,0.079,0.078,0.075,0.075,0.074,0.06999999999999999,0.006,0.009,0.006,0.004,0.004,0.004,False
36.34,36.34,36.3,36.18,36.27,36.61,36.5,36.32,36.09,36.72,36.72,35.94,35.11,100,100,100,100,100,100,100,100,99,94,96,97,98,0.0,0.0,0.0,0.0,0.11,0.2,0.25,0.27,0.29,0.37,0.15,0.0,0.0,0.0,0.0,0.0,0.0,0.0,0.0,0.0,0.0,0.0,0.0,0.0,0.0,0.0,False
20.59,20.59,20.5,20.19,19.92,19.83,19.98,20.5,21.0,21.74,22.46,22.78,23.05,100,100,100,100,100,100,100,100,99,95,80,68,57,0.0,0.0,0.0,0.0,0.16,0.38,0.65,0.76,0.7,0.48,0.22,0.0,0.0,0.008,0.008,0.008,0.008,0.008,0.008,0.008,0.002,0.0,0.0,0.0,0.0,0.0,False
19.27,19.27,20.55,22.28,24.6,27.61,30.99,32.02,33.04,33.73,33.94,33.44,32.63,40,40,52,64,76,87,99,95,33,25,23,28,28,0.0,0.0,0.0,0.0,0.14,0.35,0.58,0.71,0.65,0.45,0.21,0.0,0.0,0.0,0.0,0.0,0.0,0.0,0.0,0.0,0.0,0.0,0.0,0.0,0.0,0.0,True
31.17,31.17,31.46,31.86,32.18,32.5,33.21,33.24,33.33,33.35,33.08,32.9,33.01,40,40,52,64,76,88,100,98,77,84,82,85,88,0.0,0.0,0.0,0.0,0.13,0.29,0.47,0.57,0.47,0.29,0.14,0.0,0.0,0.0,0.0,0.0,0.0,0.0,0.0,0.0,0.0,0.0,0.0,0.0,0.0,0.0,False
32.59,32.59,32.47,32.56,32.99,33.71,34.75,35.82,37.0,37.72,37.54,36.97,36.54,0,0,20,40,60,80,97,89,98,99,99,99,99,0.0,0.0,0.0,0.0,0.17,0.38,0.67,0.76,0.67,0.41,0.2,0.0,0.0,0.0,0.0,0.0,0.0,0.0,0.0,0.0,0.0,0.0,0.0,0.0,0.0,0.0,True
36.12,36.12,36.07,36.03,36.16,36.45,36.82,37.22,37.56,37.83,37.83,37.81,37.9,100,100,100,100,100,100,100,100,100,100,100,100,100,0.0,0.0,0.0,0.0,0.1,0.21,0.31,0.35,0.29,0.18,0.08,0.0,0.0,0.0,0.0,0.0,0.0,0.0,0.0,0.0,0.0,0.0,0.0,0.0,0.0,0.0,False
37.36,37.36,37.76,38.21,38.75,39.45,40.32,40.71,41.45,42.33,42.55,42.17,41.97,100,100,100,100,100,100,100,100,100,100,100,100,100,0.0,0.0,0.0,0.0,0.05,0.12,0.25,0.27,0.22,0.19,0.16,0.0,0.0,0.0,0.0,0.0,0.02,0.004,0.008,0.016,0.026000000000000002,0.017,0.013000000000000001,0.009,0.008,0.008,False
43.07,43.07,43.07,43.07,43.45,44.42,45.93,46.4,46.42,46.47,46.9,46.85,46.35,100,100,100,100,100,100,100,100,100,100,100,100,100,0.0,0.0,0.0,0.0,0.14,0.25,0.42,0.6,0.32,0.27,0.12,0.0,0.0,0.0,0.0,0.0,0.008,0.009,0.01,0.01,0.0,0.0,0.0,0.0,0.0,0.0,False
42.57,42.57,42.91,43.0,42.55,42.01,40.14,38.73,38.21,37.83,37.83,37.8,37.76,100,100,100,100,100,100,100,100,100,100,100,100,100,0.0,0.0,0.0,0.0,0.02,0.05,0.08,0.26,0.11,0.06,0.03,0.0,0.0,0.1,0.095,0.1,0.1,0.1,0.1,0.1,0.003,0.026000000000000002,0.034,0.022,0.043,0.054000000000000006,False
38.55,38.55,38.39,38.25,38.16,38.1,38.07,38.07,38.25,38.34,38.46,38.52,38.5,100,100,100,100,100,100,100,100,100,100,100,100,100,0.0,0.0,0.0,0.0,0.02,0.05,0.06,0.07,0.07,0.05,0.02,0.0,0.0,0.1,0.1,0.1,0.1,0.1,0.1,0.1,0.076,0.076,0.076,0.073,0.073,0.06899999999999999,False
35.37,35.37,35.28,34.9,34.65,34.9,35.62,36.25,36.61,36.61,36.37,35.73,35.33,100,100,98,85,70,54,39,35,16,20,22,22,20,0.0,0.0,0.0,0.0,0.16,0.42,0.64,0.75,0.67,0.44,0.21,0.0,0.0,0.034999999999999996,0.006,0.005,0.005,0.001,0.001,0.001,0.0,0.0,0.0,0.0,0.0,0.0,False
33.84,33.84,34.05,34.3,34.95,36.36,37.99,38.64,39.04,39.25,38.98,38.14,37.71,100,100,95,93,80,63,45,38,6,6,6,5,5,0.0,0.0,0.0,0.0,0.19,0.44,0.69,0.79,0.71,0.47,0.22,0.0,0.0,0.0,0.0,0.0,0.0,0.0,0.0,0.0,0.0,0.0,0.0,0.0,0.0,0.0,False
32.61,32.61,33.21,33.75,34.52,36.0,37.85,38.77,39.22,39.42,38.93,37.9,37.13,75,75,62,48,35,22,8,7,5,4,3,2,2,0.0,0.0,0.0,0.0,0.19,0.44,0.68,0.78,0.7,0.46,0.21,0.0,0.0,0.0,0.0,0.0,0.0,0.0,0.0,0.0,0.0,0.0,0.0,0.0,0.0,0.0,True
26.62,26.62,27.86,29.01,30.38,32.25,34.39,35.02,35.4,35.51,35.37,34.97,34.74,100,100,80,60,41,22,5,6,46,62,73,80,84,0.0,0.0,0.0,0.0,0.19,0.41,0.64,0.74,0.66,0.44,0.21,0.0,0.0,0.0,0.0,0.0,0.0,0.0,0.0,0.0,0.0,0.0,0.0,0.0,0.001,0.001,False
26.94,26.94,27.23,27.48,27.93,28.27,28.47,28.36,28.09,27.82,27.63,27.28,27.0,100,100,100,100,100,100,100,100,100,100,100,100,98,0.0,0.0,0.0,0.0,0.15,0.32,0.52,0.64,0.59,0.4,0.19,0.0,0.0,0.059,0.048,0.037,0.031,0.028000000000000004,0.020999999999999998,0.020999999999999998,0.0,0.0,0.0,0.0,0.0,0.0,False
21.16,21.16,21.88,22.57,23.7,25.81,29.16,31.15,32.74,33.57,33.73,33.19,32.31,100,100,86,80,69,55,43,48,30,23,21,19,17,0.0,0.0,0.0,0.0,0.19,0.43,0.67,0.75,0.69,0.46,0.21,0.0,0.0,0.0,0.0,0.0,0.0,0.0,0.0,0.0,0.0,0.0,0.0,0.0,0.0,0.0,False
27.63,27.63,28.09,28.72,29.89,31.77,33.89,34.59,35.04,35.22,35.15,34.61,34.27,100,100,83,72,66,66,65,66,8,8,9,17,32,0.0,0.0,0.0,0.0,0.18,0.36,0.57,0.69,0.61,0.42,0.19,0.0,0.0,0.0,0.0,0.0,0.0,0.0,0.0,0.0,0.0,0.0,0.0,0.0,0.0,0.0,False
29.95,29.95,29.5,28.63,27.61,26.53,25.03,24.57,24.48,24.62,24.71,24.69,24.66,100,100,100,100,100,100,100,100,100,100,100,99,95,0.0,0.0,0.0,0.0,0.17,0.39,0.64,0.74,0.68,0.46,0.22,0.0,0.0,0.015,0.012,0.012,0.015,0.012,0.012,0.012,0.0,0.0,0.0,0.0,0.0,0.0,False
17.42,17.42,17.89,18.37,19.11,20.1,21.52,22.6,23.9,25.21,26.08,26.28,26.04,100,100,100,100,100,100,100,100,70,74,82,86,71,0.0,0.0,0.0,0.0,0.19,0.42,0.68,0.85,0.74,0.5,0.23,0.0,0.0,0.0,0.0,0.0,0.0,0.0,0.0,0.0,0.0,0.0,0.0,0.0,0.0,0.0,False
24.48,24.48,24.03,23.65,23.85,24.94,26.89,28.92,30.27,30.92,29.17,28.99,29.28,100,100,90,90,87,85,84,86,100,100,100,100,100,0.0,0.0,0.0,0.0,0.21,0.45,0.65,0.77,0.55,0.37,0.16,0.0,0.0,0.0,0.0,0.0,0.0,0.0,0.0,0.0,0.0,0.0,0.04,0.05,0.075,0.075,False
16.86,16.86,16.66,16.32,15.85,15.39,14.9,14.52,14.34,14.41,14.34,14.07,13.57,100,100,100,100,100,100,100,100,100,100,100,100,100,0.0,0.0,0.0,0.0,0.16,0.34,0.5,0.55,0.48,0.35,0.16,0.0,0.0,0.067,0.047,0.04,0.032,0.032,0.032,0.028999999999999998,0.008,0.008,0.008,0.005,0.005,0.005,False
3.16,3.16,3.52,3.94,4.73,5.83,7.23,8.01,8.91,9.9,10.26,10.2,9.75,100,100,100,100,100,100,100,100,100,100,100,100,100,0.0,0.0,0.0,0.0,0.16,0.36,0.55,0.65,0.59,0.39,0.19,0.0,0.0,0.051000000000000004,0.057999999999999996,0.057999999999999996,0.057999999999999996,0.054000000000000006,0.054000000000000006,0.045,0.009,0.009,0.009,0.009,0.006,0.006,False
-2.92,-2.92,-1.7,-0.53,0.72,2.53,4.75,5.4,5.97,6.57,6.84,6.64,6.08,100,100,100,100,100,100,100,100,100,100,100,100,100,0.0,0.0,0.0,0.0,0.17,0.39,0.6,0.71,0.63,0.42,0.2,0.0,0.0,0.0,0.006,0.006,0.006,0.01,0.01,0.01,0.007000000000000001,0.007000000000000001,0.007000000000000001,0.007000000000000001,0.007000000000000001,0.027000000000000003,False
-2.88,-2.88,-1.68,-0.51,0.77,2.28,4.23,4.89,5.94,6.67,7.29,7.57,7.56,100,100,100,100,100,100,100,100,100,100,100,100,100,0.0,0.0,0.0,0.0,0.15,0.32,0.46,0.54,0.48,0.33,0.17,0.0,0.0,0.053000000000000005,0.040999999999999995,0.040999999999999995,0.040999999999999995,0.040999999999999995,0.040999999999999995,0.040999999999999995,0.049,0.041999999999999996,0.038,0.037,0.037,0.033,False
6.42,6.42,6.78,6.89,7.3,7.97,8.78,9.37,10.2,10.83,11.55,11.91,11.48,100,100,100,100,99,100,100,100,100,100,100,100,100,0.0,0.0,0.0,0.0,0.21,0.46,0.67,0.79,0.7,0.48,0.22,0.0,0.0,0.034999999999999996,0.006,0.003,0.003,0.0,0.0,0.0,0.0,0.0,0.0,0.0,0.0,0.0,False
4.05,4.05,4.08,4.24,5.56,7.41,9.19,9.59,9.86,9.84,9.99,10.18,9.19,100,100,100,100,100,100,100,100,100,100,100,100,100,0.0,0.0,0.0,0.0,0.2,0.42,0.57,0.67,0.6,0.4,0.19,0.0,0.0,0.0,0.0,0.0,0.0,0.0,0.0,0.0,0.003,0.003,0.003,0.003,0.0,0.0,False
7.09,7.09,7.18,7.3,7.7,8.28,8.92,9.05,9.09,9.12,9.23,9.36,8.29,100,100,100,100,100,100,100,100,100,100,100,100,100,0.0,0.0,0.0,0.0,0.19,0.41,0.56,0.63,0.62,0.49,0.24,0.0,0.0,0.01,0.018,0.025,0.023,0.023,0.023,0.023,0.019,0.015,0.015,0.015,0.012,0.012,False
6.71,6.71,6.4,5.95,7.0,8.67,10.51,11.62,12.56,13.51,13.91,13.35,10.2,100,100,99,97,93,82,74,70,42,33,35,28,27,0.0,0.0,0.0,0.0,0.27,0.58,0.87,1.01,0.92,0.63,0.31,0.0,0.0,0.009,0.003,0.003,0.003,0.003,0.003,0.003,0.0,0.0,0.0,0.0,0.0,0.0,False
8.8,8.8,9.34,10.27,11.84,13.75,16.72,18.68,20.28,21.69,22.24,21.87,21.22,100,100,100,100,100,100,100,100,100,100,99,99,99,0.0,0.0,0.0,0.0,0.17,0.42,0.69,0.85,0.85,0.61,0.31,0.0,0.0,0.0,0.0,0.0,0.0,0.0,0.0,0.0,0.0,0.0,0.0,0.0,0.0,0.0,False
20.59,20.59,19.78,18.93,19.02,20.1,21.88,23.38,24.33,24.71,24.87,24.78,24.35,100,100,100,99,98,95,94,94,100,100,100,100,100,0.0,0.0,0.0,0.0,0.27,0.57,0.82,0.87,0.6,0.35,0.17,0.0,0.0,0.0,0.001,0.0,0.0,0.0,0.0,0.0,0.0,0.0,0.0,0.0,0.0,0.0,False
27.27,27.27,27.09,26.94,27.14,27.7,28.65,29.46,30.11,30.51,30.52,30.33,29.89,100,100,100,100,100,99,99,97,75,78,81,84,87,0.0,0.0,0.0,0.0,0.25,0.52,0.63,0.72,0.7,0.55,0.31,0.02,0.0,0.045,0.022,0.02,0.023,0.02,0.018,0.014000000000000002,0.004,0.002,0.002,0.002,0.002,0.002,False
29.64,29.64,29.61,29.64,30.13,31.05,31.87,32.23,32.5,32.77,32.97,33.13,33.06,100,100,100,100,100,100,100,100,100,100,100,100,100,0.0,0.0,0.0,0.0,0.19,0.36,0.51,0.55,0.48,0.31,0.16,0.05,0.0,0.0,0.0,0.0,0.0,0.0,0.0,0.0,0.0,0.0,0.0,0.0,0.0,0.0,False
32.43,32.43,32.2,32.09,32.32,32.67,33.06,33.4,33.53,33.73,33.78,33.48,33.06,100,100,100,100,100,100,100,100,100,100,100,100,100,0.0,0.0,0.0,0.0,0.15,0.24,0.32,0.42,0.4,0.28,0.12,0.04,0.0,0.004,0.0,0.0,0.0,0.008,0.004,0.004,0.0,0.0,0.0,0.0,0.0,0.0,False
32.29,32.29,32.38,32.52,32.92,33.39,33.93,34.12,34.29,34.38,34.41,34.16,33.42,100,100,100,100,100,100,100,100,100,100,100,100,100,0.0,0.0,0.0,0.0,0.2,0.4,0.6,0.71,0.6,0.43,0.24,0.07,0.0,0.0,0.0,0.0,0.0,0.0,0.0,0.0,0.0,0.0,0.0,0.0,0.0,0.0,False
34.75,34.75,34.23,32.79,31.96,32.4,33.49,34.25,34.61,34.74,34.47,33.42,30.99,100,100,97,91,76,62,45,41,18,16,13,11,10,0.0,0.0,0.0,0.0,0.31,0.64,0.94,1.06,0.97,0.68,0.35,0.1,0.0,0.0,0.0,0.0,0.0,0.0,0.0,0.0,0.0,0.0,0.0,0.0,0.0,0.0,False
31.19,31.19,31.17,31.05,31.01,31.66,32.79,33.58,34.39,35.11,35.35,34.57,32.68,100,100,100,100,99,94,82,70,10,8,14,19,26,0.0,0.0,0.0,0.05,0.3,0.6,1.0,1.13,1.02,0.72,0.37,0.11,0.0,0.0,0.0,0.0,0.0,0.0,0.0,0.0,0.0,0.0,0.0,0.0,0.0,0.0,True
29.61,29.61,29.44,29.32,30.24,32.16,34.74,36.16,36.57,36.68,37.06,36.88,35.85,100,100,99,81,64,56,56,63,100,100,100,100,100,0.0,0.0,0.0,0.1,0.36,0.73,0.98,1.09,0.82,0.43,0.21,0.08,0.0,0.0,0.0,0.0,0.0,0.0,0.0,0.0,0.0,0.0,0.0,0.0,0.0,0.0,False
33.84,33.84,33.48,33.06,33.15,33.66,33.91,34.14,34.41,34.77,34.68,34.18,32.31,100,100,96,91,89,89,87,88,87,72,64,56,57,0.0,0.0,0.0,0.07,0.27,0.69,1.08,1.19,1.07,0.75,0.41,0.12,0.0,0.028999999999999998,0.012,0.015,0.006,0.006,0.0,0.0,0.0,0.0,0.0,0.0,0.0,0.0,False
32.45,32.45,32.95,33.6,34.86,36.73,38.97,39.88,40.42,40.71,40.26,39.27,37.44,40,40,34,27,20,13,5,9,100,88,92,94,95,0.0,0.0,0.0,0.11,0.39,0.78,1.17,1.33,1.11,0.75,0.41,0.13,0.0,0.0,0.0,0.0,0.0,0.0,0.0,0.0,0.0,0.0,0.0,0.0,0.0,0.0,True
35.92,35.92,35.38,34.88,35.04,35.15,32.77,30.6,29.32,28.98,28.81,28.54,28.08,75,75,63,50,40,29,30,41,100,100,93,92,84,0.0,0.0,0.0,0.11,0.38,0.75,1.05,1.05,0.92,0.71,0.41,0.14,0.0,0.0,0.0,0.0,0.0,0.0,0.0,0.0,0.0,0.0,0.0,0.0,0.0,0.0,False
27.99,27.99,28.02,28.13,28.85,30.04,31.48,32.04,32.43,32.72,32.68,32.13,30.85,100,100,83,66,48,30,13,12,7,5,5,5,5,0.0,0.0,0.0,0.13,0.42,0.84,1.23,1.41,1.26,0.89,0.45,0.15,0.0,0.0,0.0,0.0,0.0,0.0,0.0,0.0,0.0,0.0,0.0,0.0,0.0,0.0,True
22.05,22.05,23.13,24.26,26.1,28.92,32.61,34.29,35.44,36.14,35.74,34.23,32.61,0,0,1,2,4,5,5,5,2,2,2,2,2,0.0,0.0,0.0,0.13,0.44,0.89,1.29,1.46,1.3,0.93,0.47,0.16,0.0,0.0,0.0,0.0,0.0,0.0,0.0,0.0,0.0,0.0,0.0,0.0,0.0,0.0,True
24.48,24.48,26.47,28.49,30.76,33.21,35.8,36.09,36.55,36.95,37.09,37.09,36.81,100,100,85,68,50,31,12,11,2,3,2,2,3,0.0,0.0,0.0,0.14,0.45,0.91,1.32,1.51,1.36,0.97,0.49,0.17,0.0,0.0,0.0,0.0,0.0,0.0,0.0,0.0,0.0,0.0,0.0,0.0,0.0,0.0,True
26.22,26.22,27.81,29.35,31.33,33.75,36.25,36.91,37.36,37.36,37.2,36.43,35.33,100,100,100,100,100,100,100,100,100,100,100,100,100,0.0,0.0,0.0,0.1,0.29,0.51,0.76,0.84,0.9,0.59,0.3,0.11,0.0,0.0,0.0,0.0,0.0,0.0,0.0,0.0,0.0,0.0,0.0,0.0,0.0,0.0,True
29.98,29.98,30.42,30.9,32.23,34.81,38.37,39.31,40.5,40.55,40.66,40.19,39.11,40,40,52,64,75,88,100,100,100,100,100,100,100,0.0,0.0,0.0,0.13,0.38,0.75,1.13,1.32,1.2,0.81,0.43,0.15,0.0,0.0,0.0,0.0,0.0,0.0,0.0,0.0,0.0,0.0,0.0,0.0,0.0,0.0,False
32.63,32.63,32.76,33.12,33.91,35.42,36.7,37.58,38.32,38.41,38.16,37.27,36.81,75,75,80,85,90,95,100,100,100,100,100,100,100,0.0,0.0,0.0,0.16,0.44,0.77,1.2,1.08,1.29,0.69,0.43,0.14,0.0,0.0,0.0,0.0,0.0,0.0,0.0,0.0,0.0,0.0,0.0,0.0,0.0,0.0,False
41.77,41.77,40.93,40.62,40.41,40.37,40.32,39.69,41.61,42.93,41.79,41.56,41.74,100,100,100,100,99,99,99,100,74,82,88,91,93,0.0,0.0,0.0,0.06,0.08,0.21,0.74,1.0,1.28,0.66,0.2,0.05,0.0,0.0,0.0,0.0,0.0,0.0,0.008,0.032,0.022,0.018,0.023,0.019,0.019,0.015,False
33.04,33.04,32.79,32.34,32.2,32.2,32.54,33.06,33.39,33.67,33.37,32.7,31.8,100,100,100,100,100,100,100,100,99,99,98,98,98,0.0,0.0,0.0,0.1,0.15,0.35,0.89,1.27,1.28,0.93,0.46,0.15,0.0,0.08199999999999999,0.049,0.047,0.041999999999999996,0.045,0.027000000000000003,0.023,0.0,0.0,0.0,0.0,0.0,0.0,False
21.49,21.49,21.83,22.48,23.0,23.9,25.27,26.58,27.95,29.19,30.11,30.51,29.55,100,100,100,100,99,99,100,99,99,91,85,77,65,0.0,0.0,0.0,0.15,0.45,0.89,1.3,1.49,1.36,0.98,0.53,0.19,0.0,0.033,0.031,0.013000000000000001,0.004,0.004,0.003,0.003,0.0,0.0,0.0,0.0,0.0,0.0,True
24.87,24.87,25.52,25.99,26.28,26.13,26.47,27.03,27.97,28.99,29.77,30.31,30.7,100,100,98,98,98,98,94,94,100,97,96,97,97,0.0,0.0,0.0,0.15,0.44,0.84,1.18,1.41,1.38,1.01,0.56,0.2,0.0,0.0,0.0,0.0,0.0,0.0,0.0,0.0,0.0,0.0,0.0,0.0,0.0,0.0,True
29.46,29.46,29.12,28.78,28.85,29.16,29.68,30.2,30.58,30.83,31.01,31.05,30.56,100,100,84,74,67,63,62,68,100,100,100,100,100,0.0,0.0,0.0,0.17,0.5,0.93,1.29,1.4,1.23,0.86,0.48,0.17,0.0,0.004,0.0,0.0,0.0,0.0,0.0,0.0,0.006,0.005,0.005,0.004,0.001,0.001,False
23.77,23.77,24.1,24.35,24.76,25.11,25.38,25.34,25.34,25.57,25.97,26.17,26.08,100,100,97,95,95,94,95,96,88,53,42,53,63,0.0,0.0,0.0,0.18,0.55,1.06,1.5,1.69,1.55,1.12,0.61,0.21,0.0,0.004,0.0,0.0,0.0,0.0,0.0,0.0,0.0,0.0,0.0,0.0,0.0,0.0,True
24.49,24.49,24.82,25.36,26.73,29.57,33.01,34.2,35.06,35.58,35.26,34.61,34.07,100,100,100,100,99,95,93,92,80,81,86,90,92,0.0,0.0,0.0,0.16,0.47,0.67,0.96,1.55,1.41,1.0,0.55,0.17,0.0,0.0,0.007000000000000001,0.005,0.0,0.0,0.0,0.0,0.0,0.0,0.0,0.0,0.0,0.0,True
27.28,27.28,26.29,25.03,23.79,22.71,22.3,23.09,24.12,24.82,25.16,24.91,24.33,100,100,93,91,90,90,90,91,100,100,100,100,100,0.0,0.0,0.0,0.18,0.5,0.9,1.25,1.38,1.23,0.8,0.46,0.18,0.0,0.0,0.0,0.0,0.0,0.0,0.0,0.0,0.0,0.0,0.0,0.0,0.0,0.0,True
15.13,15.13,15.15,14.81,14.36,13.87,13.59,13.89,14.41,15.04,15.64,16.18,16.3,100,100,98,93,88,87,87,90,100,100,100,100,100,0.0,0.0,0.0,0.15,0.41,0.72,1.03,1.1,1.08,0.85,0.49,0.19,0.0,0.0,0.0,0.0,0.0,0.0,0.0,0.0,0.0,0.0,0.0,0.0,0.0,0.0,False
12.79,12.79,13.39,14.45,16.29,18.75,21.69,23.43,25.39,27.16,28.47,28.99,28.87,100,100,99,99,99,98,99,99,100,100,100,100,100,0.0,0.0,0.0,0.11,0.29,0.56,0.63,0.69,0.75,0.69,0.44,0.18,0.0,0.0,0.0,0.0,0.0,0.004,0.004,0.003,0.0,0.0,0.0,0.0,0.0,0.0,True
26.04,26.04,26.31,26.46,26.73,27.0,27.25,27.68,28.38,29.17,29.7,29.97,29.52,100,100,100,100,100,100,99,99,93,82,68,55,46,0.0,0.0,0.0,0.18,0.49,0.89,1.26,1.43,1.32,0.97,0.56,0.22,0.0,0.0,0.002,0.0,0.0,0.0,0.0,0.0,0.0,0.0,0.0,0.0,0.0,0.0,True
20.28,20.28,21.07,22.01,23.59,25.65,27.95,28.65,29.07,29.03,28.67,28.31,27.91,0,0,15,26,29,31,34,30,30,23,20,21,20,0.0,0.0,0.0,0.21,0.58,1.03,1.44,1.61,1.45,1.07,0.6,0.24,0.0,0.0,0.0,0.0,0.0,0.0,0.0,0.0,0.0,0.0,0.0,0.0,0.0,0.0,True
24.91,24.91,25.92,27.21,29.19,31.78,35.31,37.44,38.53,38.61,38.5,37.96,36.45,100,100,89,84,77,66,49,43,18,12,10,10,10,0.0,0.0,0.0,0.22,0.59,1.07,1.42,1.6,1.49,1.1,0.61,0.24,0.0,0.0,0.0,0.0,0.0,0.0,0.0,0.0,0.0,0.0,0.0,0.0,0.0,0.0,True
32.18,32.18,31.82,31.66,32.34,33.84,35.73,36.52,37.17,37.13,36.68,35.87,34.27,40,40,52,64,75,86,94,91,47,36,57,63,55,0.0,0.0,0.0,0.18,0.52,1.0,1.35,1.64,1.5,1.12,0.64,0.26,0.0,0.0,0.0,0.0,0.0,0.0,0.0,0.0,0.0,0.0,0.0,0.0,0.0,0.0,True
33.22,33.22,32.95,32.88,33.8,35.51,37.54,38.55,39.22,40.19,40.57,40.32,39.16,100,100,85,70,51,33,15,15,11,11,21,34,47,0.0,0.0,0.0,0.24,0.63,1.13,1.57,1.79,1.63,1.22,0.69,0.28,0.0,0.0,0.0,0.0,0.0,0.0,0.0,0.0,0.0,0.0,0.0,0.0,0.0,0.0,True
21.43,21.43,21.09,20.66,20.26,19.6,18.73,18.39,18.14,17.87,17.62,17.46,17.37,100,100,100,100,100,100,100,100,99,92,79,64,52,0.0,0.0,0.0,0.19,0.58,1.11,1.48,1.66,1.54,1.17,0.69,0.28,0.0,0.059,0.039,0.034999999999999996,0.034999999999999996,0.018,0.009,0.009,0.0,0.0,0.0,0.0,0.0,0.0,True
13.01,13.01,13.75,15.01,17.67,22.08,27.84,30.88,33.3,34.97,35.82,36.14,35.83,0,0,6,17,22,26,30,32,77,88,92,93,88,0.0,0.0,0.0,0.25,0.63,1.11,1.5,1.68,1.59,1.16,0.64,0.27,0.0,0.0,0.0,0.0,0.0,0.0,0.0,0.0,0.0,0.0,0.0,0.0,0.0,0.0,True
34.36,34.36,34.21,34.25,34.68,35.24,35.98,36.55,37.02,37.2,37.29,36.97,35.62,75,75,80,83,79,77,82,85,100,100,99,91,92,0.0,0.0,0.0,0.27,0.65,1.19,1.5,1.66,1.62,1.1,0.63,0.27,0.0,0.0,0.0,0.0,0.0,0.0,0.0,0.0,0.0,0.0,0.0,0.0,0.0,0.0,True
25.29,25.29,26.33,27.93,30.83,34.79,39.51,41.52,43.52,45.18,45.64,45.43,44.47,40,40,52,64,76,88,100,100,81,55,41,34,29,0.0,0.0,0.0,0.23,0.47,0.7,1.17,1.66,1.49,1.26,0.77,0.32,0.0,0.0,0.0,0.0,0.0,0.0,0.0,0.0,0.0,0.0,0.0,0.0,0.0,0.0,True
32.54,32.54,32.94,33.55,34.52,35.38,35.58,35.6,34.77,34.57,33.13,31.93,29.98,40,40,52,64,76,88,93,93,100,100,100,100,100,0.0,0.0,0.0,0.24,0.67,1.18,1.8,1.98,1.76,1.04,0.19,0.1,0.0,0.0,0.0,0.0,0.0,0.0,0.0,0.0,0.0,0.0,0.0,0.037,0.03,0.072,True
6.49,6.49,6.89,7.21,7.59,8.26,9.66,11.14,12.42,13.93,15.17,15.78,15.85,100,100,100,100,100,98,99,98,100,98,96,97,98,0.0,0.0,0.0,0.28,0.7,1.21,1.63,1.78,1.66,1.25,0.76,0.32,0.0,0.015,0.008,0.008,0.008,0.005,0.005,0.0,0.0,0.0,0.0,0.0,0.0,0.0,True
5.52,5.52,6.53,8.01,10.04,12.83,16.54,18.68,20.71,22.23,22.82,23.54,25.0,0,0,19,38,57,77,97,98,100,97,98,98,99,0.0,0.0,0.0,0.31,0.78,1.06,1.49,1.82,1.78,1.32,0.85,0.35,0.0,0.0,0.0,0.0,0.0,0.0,0.0,0.0,0.0,0.0,0.0,0.0,0.0,0.0,False
24.62,24.62,25.72,27.79,31.06,35.01,39.51,40.95,42.37,43.43,43.92,43.83,43.16,0,0,2,4,7,8,9,12,11,10,23,19,16,0.0,0.0,0.0,0.36,0.91,1.62,2.23,2.46,2.13,1.5,1.0,0.41,0.09,0.0,0.0,0.0,0.0,0.0,0.0,0.0,0.0,0.0,0.0,0.0,0.0,0.0,True
34.52,34.52,34.5,34.75,35.64,36.88,38.34,39.16,39.58,39.52,38.19,37.15,36.41,75,75,62,56,61,66,71,68,100,100,100,100,100,0.0,0.0,0.0,0.35,0.88,1.3,1.82,2.17,1.81,1.4,0.74,0.28,0.07,0.0,0.0,0.0,0.0,0.0,0.0,0.0,0.0,0.0,0.0,0.0,0.0,0.0,True
36.66,36.66,36.79,36.97,37.8,38.97,39.6,40.24,40.89,42.21,42.31,42.69,44.38,100,100,100,100,97,97,97,98,100,100,100,100,100,0.0,0.0,0.0,0.2,0.77,0.9,0.78,0.78,0.71,0.45,0.27,0.17,0.03,0.0,0.017,0.008,0.0,0.0,0.0,0.0,0.007000000000000001,0.018,0.023,0.03,0.033,0.079,False
35.35,35.35,35.38,35.33,35.19,35.1,34.95,35.35,35.67,36.52,37.02,36.77,36.86,40,40,48,60,72,84,90,91,100,100,100,100,100,0.0,0.0,0.0,0.28,0.77,1.4,1.7,2.1,1.74,1.45,0.9,0.38,0.09,0.0,0.0,0.008,0.008,0.0,0.0,0.0,0.016,0.028000000000000004,0.028000000000000004,0.028000000000000004,0.016,0.004,True
25.41,25.41,26.22,27.37,28.78,30.34,32.2,32.76,33.13,33.15,32.74,32.09,31.53,40,40,44,40,33,25,19,21,98,99,99,100,100,0.0,0.0,0.09,0.36,0.87,1.43,1.97,2.13,1.97,1.46,0.95,0.42,0.11,0.0,0.0,0.0,0.0,0.0,0.0,0.0,0.0,0.0,0.0,0.0,0.0,0.0,True
29.71,29.71,30.18,30.99,32.11,33.33,34.59,34.86,35.22,35.55,35.4,35.31,35.1,20,20,16,12,8,4,0,0,6,28,51,63,70,0.0,0.0,0.09,0.38,0.92,1.56,2.08,2.25,1.93,1.32,0.84,0.37,0.08,0.0,0.0,0.0,0.0,0.0,0.0,0.0,0.0,0.0,0.0,0.0,0.0,0.0,True
36.48,36.48,36.46,36.66,37.26,38.32,39.74,41.58,42.22,41.47,40.19,39.79,39.24,100,100,100,100,100,100,100,100,100,100,100,100,100,0.0,0.0,0.06,0.25,0.54,1.21,1.5,1.65,1.35,1.25,0.86,0.32,0.09,0.0,0.001,0.002,0.002,0.002,0.002,0.002,0.003,0.003,0.001,0.0,0.0,0.0,True
